file,img,class,confidence
/content/drive/MyDrive/Calanda-Drive/Trail Cam Photos/cam19/cam19_folder4/RCNX0033.JPG,/content/drive/MyDrive/Calanda-Drive/Trail Cam Photos/cam19/cam19_folder4/RCNX0033.JPG,no detections,0
/content/drive/MyDrive/Calanda-Drive/Trail Cam Photos/cam19/cam19_folder4/RCNX0054.JPG,/content/drive/MyDrive/Calanda-Drive/Trail Cam Photos/cam19/cam19_folder4/RCNX0054.JPG,no detections,0
/content/drive/MyDrive/Calanda-Drive/Trail Cam Photos/cam19/cam19_folder4/RCNX0061.JPG,/content/drive/MyDrive/Calanda-Drive/Trail Cam Photos/cam19/cam19_folder4/RCNX0061.JPG,no detections,0
/content/drive/MyDrive/Calanda-Drive/Trail Cam Photos/cam19/cam19_folder4/RCNX0063.JPG,/content/drive/MyDrive/Calanda-Drive/Trail Cam Photos/cam19/cam19_folder4/RCNX0063.JPG,Hepatica nobilis,69
/content/drive/MyDrive/Calanda-Drive/Trail Cam Photos/cam19/cam19_folder4/RCNX0063.JPG,/content/drive/MyDrive/Calanda-Drive/Trail Cam Photos/cam19/cam19_folder4/RCNX0063.JPG,Viola biflora,44
/content/drive/MyDrive/Calanda-Drive/Trail Cam Photos/cam19/cam19_folder4/RCNX0063.JPG,/content/drive/MyDrive/Calanda-Drive/Trail Cam Photos/cam19/cam19_folder4/RCNX0063.JPG,Alchemilla conjuncta,33
/content/drive/MyDrive/Calanda-Drive/Trail Cam Photos/cam19/cam19_folder4/RCNX0063.JPG,/content/drive/MyDrive/Calanda-Drive/Trail Cam Photos/cam19/cam19_folder4/RCNX0063.JPG,Campanula scheuchzeri,26
/content/drive/MyDrive/Calanda-Drive/Trail Cam Photos/cam19/cam19_folder4/RCNX0090.JPG,/content/drive/MyDrive/Calanda-Drive/Trail Cam Photos/cam19/cam19_folder4/RCNX0090.JPG,Hepatica nobilis,93
/content/drive/MyDrive/Calanda-Drive/Trail Cam Photos/cam19/cam19_folder4/RCNX0090.JPG,/content/drive/MyDrive/Calanda-Drive/Trail Cam Photos/cam19/cam19_folder4/RCNX0090.JPG,Hepatica nobilis,47
/content/drive/MyDrive/Calanda-Drive/Trail Cam Photos/cam19/cam19_folder4/RCNX0090.JPG,/content/drive/MyDrive/Calanda-Drive/Trail Cam Photos/cam19/cam19_folder4/RCNX0090.JPG,Hepatica nobilis,41
/content/drive/MyDrive/Calanda-Drive/Trail Cam Photos/cam19/cam19_folder4/RCNX0090.JPG,/content/drive/MyDrive/Calanda-Drive/Trail Cam Photos/cam19/cam19_folder4/RCNX0090.JPG,Campanula scheuchzeri,27
/content/drive/MyDrive/Calanda-Drive/Trail Cam Photos/cam19/cam19_folder4/RCNX0117.JPG,/content/drive/MyDrive/Calanda-Drive/Trail Cam Photos/cam19/cam19_folder4/RCNX0117.JPG,no detections,0
/content/drive/MyDrive/Calanda-Drive/Trail Cam Photos/cam19/cam19_folder4/RCNX0136.JPG,/content/drive/MyDrive/Calanda-Drive/Trail Cam Photos/cam19/cam19_folder4/RCNX0136.JPG,no detections,0
/content/drive/MyDrive/Calanda-Drive/Trail Cam Photos/cam19/cam19_folder4/RCNX0137.JPG,/content/drive/MyDrive/Calanda-Drive/Trail Cam Photos/cam19/cam19_folder4/RCNX0137.JPG,no detections,0
/content/drive/MyDrive/Calanda-Drive/Trail Cam Photos/cam19/cam19_folder4/RCNX0140.JPG,/content/drive/MyDrive/Calanda-Drive/Trail Cam Photos/cam19/cam19_folder4/RCNX0140.JPG,no detections,0
/content/drive/MyDrive/Calanda-Drive/Trail Cam Photos/cam19/cam19_folder4/RCNX0142.JPG,/content/drive/MyDrive/Calanda-Drive/Trail Cam Photos/cam19/cam19_folder4/RCNX0142.JPG,no detections,0
/content/drive/MyDrive/Calanda-Drive/Trail Cam Photos/cam19/cam19_folder1/RCNX0011.JPG,/content/drive/MyDrive/Calanda-Drive/Trail Cam Photos/cam19/cam19_folder1/RCNX0011.JPG,no detections,0
/content/drive/MyDrive/Calanda-Drive/Trail Cam Photos/cam19/cam19_folder1/RCNX0010.JPG,/content/drive/MyDrive/Calanda-Drive/Trail Cam Photos/cam19/cam19_folder1/RCNX0010.JPG,no detections,0
/content/drive/MyDrive/Calanda-Drive/Trail Cam Photos/cam19/cam19_folder1/RCNX0008.JPG,/content/drive/MyDrive/Calanda-Drive/Trail Cam Photos/cam19/cam19_folder1/RCNX0008.JPG,no detections,0
/content/drive/MyDrive/Calanda-Drive/Trail Cam Photos/cam19/cam19_folder1/RCNX0009.JPG,/content/drive/MyDrive/Calanda-Drive/Trail Cam Photos/cam19/cam19_folder1/RCNX0009.JPG,no detections,0
/content/drive/MyDrive/Calanda-Drive/Trail Cam Photos/cam19/cam19_folder1/RCNX0005.JPG,/content/drive/MyDrive/Calanda-Drive/Trail Cam Photos/cam19/cam19_folder1/RCNX0005.JPG,no detections,0
/content/drive/MyDrive/Calanda-Drive/Trail Cam Photos/cam19/cam19_folder1/RCNX0003.JPG,/content/drive/MyDrive/Calanda-Drive/Trail Cam Photos/cam19/cam19_folder1/RCNX0003.JPG,no detections,0
/content/drive/MyDrive/Calanda-Drive/Trail Cam Photos/cam19/cam19_folder1/RCNX0006.JPG,/content/drive/MyDrive/Calanda-Drive/Trail Cam Photos/cam19/cam19_folder1/RCNX0006.JPG,no detections,0
/content/drive/MyDrive/Calanda-Drive/Trail Cam Photos/cam19/cam19_folder1/RCNX0007.JPG,/content/drive/MyDrive/Calanda-Drive/Trail Cam Photos/cam19/cam19_folder1/RCNX0007.JPG,no detections,0
/content/drive/MyDrive/Calanda-Drive/Trail Cam Photos/cam19/cam19_folder1/RCNX0001.JPG,/content/drive/MyDrive/Calanda-Drive/Trail Cam Photos/cam19/cam19_folder1/RCNX0001.JPG,no detections,0
/content/drive/MyDrive/Calanda-Drive/Trail Cam Photos/cam19/cam19_folder1/RCNX0004.JPG,/content/drive/MyDrive/Calanda-Drive/Trail Cam Photos/cam19/cam19_folder1/RCNX0004.JPG,no detections,0
/content/drive/MyDrive/Calanda-Drive/Trail Cam Photos/cam19/cam19_folder1/RCNX0002.JPG,/content/drive/MyDrive/Calanda-Drive/Trail Cam Photos/cam19/cam19_folder1/RCNX0002.JPG,Hepatica nobilis,88
/content/drive/MyDrive/Calanda-Drive/Trail Cam Photos/cam19/cam19_folder1/RCNX0002.JPG,/content/drive/MyDrive/Calanda-Drive/Trail Cam Photos/cam19/cam19_folder1/RCNX0002.JPG,Hepatica nobilis,67
/content/drive/MyDrive/Calanda-Drive/Trail Cam Photos/cam19/cam19_folder3/RCNX0008.JPG,/content/drive/MyDrive/Calanda-Drive/Trail Cam Photos/cam19/cam19_folder3/RCNX0008.JPG,no detections,0
/content/drive/MyDrive/Calanda-Drive/Trail Cam Photos/cam19/cam19_folder3/RCNX0011.JPG,/content/drive/MyDrive/Calanda-Drive/Trail Cam Photos/cam19/cam19_folder3/RCNX0011.JPG,no detections,0
/content/drive/MyDrive/Calanda-Drive/Trail Cam Photos/cam19/cam19_folder3/RCNX0012.JPG,/content/drive/MyDrive/Calanda-Drive/Trail Cam Photos/cam19/cam19_folder3/RCNX0012.JPG,Crocus albiflorus,30
/content/drive/MyDrive/Calanda-Drive/Trail Cam Photos/cam19/cam19_folder3/RCNX0014.JPG,/content/drive/MyDrive/Calanda-Drive/Trail Cam Photos/cam19/cam19_folder3/RCNX0014.JPG,no detections,0
/content/drive/MyDrive/Calanda-Drive/Trail Cam Photos/cam19/cam19_folder3/RCNX0015.JPG,/content/drive/MyDrive/Calanda-Drive/Trail Cam Photos/cam19/cam19_folder3/RCNX0015.JPG,no detections,0
/content/drive/MyDrive/Calanda-Drive/Trail Cam Photos/cam19/cam19_folder3/RCNX0017.JPG,/content/drive/MyDrive/Calanda-Drive/Trail Cam Photos/cam19/cam19_folder3/RCNX0017.JPG,no detections,0
/content/drive/MyDrive/Calanda-Drive/Trail Cam Photos/cam19/cam19_folder3/RCNX0018.JPG,/content/drive/MyDrive/Calanda-Drive/Trail Cam Photos/cam19/cam19_folder3/RCNX0018.JPG,Alchemilla conjuncta,48
/content/drive/MyDrive/Calanda-Drive/Trail Cam Photos/cam19/cam19_folder3/RCNX0019.JPG,/content/drive/MyDrive/Calanda-Drive/Trail Cam Photos/cam19/cam19_folder3/RCNX0019.JPG,no detections,0
/content/drive/MyDrive/Calanda-Drive/Trail Cam Photos/cam19/cam19_folder3/RCNX0020.JPG,/content/drive/MyDrive/Calanda-Drive/Trail Cam Photos/cam19/cam19_folder3/RCNX0020.JPG,Alchemilla conjuncta,27
/content/drive/MyDrive/Calanda-Drive/Trail Cam Photos/cam19/cam19_folder3/RCNX0021.JPG,/content/drive/MyDrive/Calanda-Drive/Trail Cam Photos/cam19/cam19_folder3/RCNX0021.JPG,no detections,0
/content/drive/MyDrive/Calanda-Drive/Trail Cam Photos/cam19/cam19_folder3/RCNX0022.JPG,/content/drive/MyDrive/Calanda-Drive/Trail Cam Photos/cam19/cam19_folder3/RCNX0022.JPG,no detections,0
/content/drive/MyDrive/Calanda-Drive/Trail Cam Photos/cam19/cam19_folder3/RCNX0023.JPG,/content/drive/MyDrive/Calanda-Drive/Trail Cam Photos/cam19/cam19_folder3/RCNX0023.JPG,no detections,0
/content/drive/MyDrive/Calanda-Drive/Trail Cam Photos/cam19/cam19_folder3/RCNX0025.JPG,/content/drive/MyDrive/Calanda-Drive/Trail Cam Photos/cam19/cam19_folder3/RCNX0025.JPG,no detections,0
/content/drive/MyDrive/Calanda-Drive/Trail Cam Photos/cam19/cam19_folder3/RCNX0026.JPG,/content/drive/MyDrive/Calanda-Drive/Trail Cam Photos/cam19/cam19_folder3/RCNX0026.JPG,no detections,0
/content/drive/MyDrive/Calanda-Drive/Trail Cam Photos/cam19/cam19_folder3/RCNX0027.JPG,/content/drive/MyDrive/Calanda-Drive/Trail Cam Photos/cam19/cam19_folder3/RCNX0027.JPG,no detections,0
/content/drive/MyDrive/Calanda-Drive/Trail Cam Photos/cam19/cam19_folder3/RCNX0028.JPG,/content/drive/MyDrive/Calanda-Drive/Trail Cam Photos/cam19/cam19_folder3/RCNX0028.JPG,Crocus albiflorus,28
/content/drive/MyDrive/Calanda-Drive/Trail Cam Photos/cam19/cam19_folder3/RCNX0030.JPG,/content/drive/MyDrive/Calanda-Drive/Trail Cam Photos/cam19/cam19_folder3/RCNX0030.JPG,no detections,0
/content/drive/MyDrive/Calanda-Drive/Trail Cam Photos/cam19/cam19_folder3/RCNX0031.JPG,/content/drive/MyDrive/Calanda-Drive/Trail Cam Photos/cam19/cam19_folder3/RCNX0031.JPG,no detections,0
/content/drive/MyDrive/Calanda-Drive/Trail Cam Photos/cam19/cam19_folder3/RCNX0032.JPG,/content/drive/MyDrive/Calanda-Drive/Trail Cam Photos/cam19/cam19_folder3/RCNX0032.JPG,no detections,0
/content/drive/MyDrive/Calanda-Drive/Trail Cam Photos/cam19/cam19_folder3/RCNX0033.JPG,/content/drive/MyDrive/Calanda-Drive/Trail Cam Photos/cam19/cam19_folder3/RCNX0033.JPG,no detections,0
/content/drive/MyDrive/Calanda-Drive/Trail Cam Photos/cam19/cam19_folder3/RCNX0034.JPG,/content/drive/MyDrive/Calanda-Drive/Trail Cam Photos/cam19/cam19_folder3/RCNX0034.JPG,no detections,0
/content/drive/MyDrive/Calanda-Drive/Trail Cam Photos/cam19/cam19_folder3/RCNX0035.JPG,/content/drive/MyDrive/Calanda-Drive/Trail Cam Photos/cam19/cam19_folder3/RCNX0035.JPG,no detections,0
/content/drive/MyDrive/Calanda-Drive/Trail Cam Photos/cam19/cam19_folder3/RCNX0036.JPG,/content/drive/MyDrive/Calanda-Drive/Trail Cam Photos/cam19/cam19_folder3/RCNX0036.JPG,no detections,0
/content/drive/MyDrive/Calanda-Drive/Trail Cam Photos/cam19/cam19_folder3/RCNX0037.JPG,/content/drive/MyDrive/Calanda-Drive/Trail Cam Photos/cam19/cam19_folder3/RCNX0037.JPG,no detections,0
/content/drive/MyDrive/Calanda-Drive/Trail Cam Photos/cam19/cam19_folder3/RCNX0038.JPG,/content/drive/MyDrive/Calanda-Drive/Trail Cam Photos/cam19/cam19_folder3/RCNX0038.JPG,no detections,0
/content/drive/MyDrive/Calanda-Drive/Trail Cam Photos/cam19/cam19_folder3/RCNX0039.JPG,/content/drive/MyDrive/Calanda-Drive/Trail Cam Photos/cam19/cam19_folder3/RCNX0039.JPG,no detections,0
/content/drive/MyDrive/Calanda-Drive/Trail Cam Photos/cam19/cam19_folder3/RCNX0040.JPG,/content/drive/MyDrive/Calanda-Drive/Trail Cam Photos/cam19/cam19_folder3/RCNX0040.JPG,no detections,0
/content/drive/MyDrive/Calanda-Drive/Trail Cam Photos/cam19/cam19_folder3/RCNX0041.JPG,/content/drive/MyDrive/Calanda-Drive/Trail Cam Photos/cam19/cam19_folder3/RCNX0041.JPG,no detections,0
/content/drive/MyDrive/Calanda-Drive/Trail Cam Photos/cam19/cam19_folder3/RCNX0042.JPG,/content/drive/MyDrive/Calanda-Drive/Trail Cam Photos/cam19/cam19_folder3/RCNX0042.JPG,no detections,0
/content/drive/MyDrive/Calanda-Drive/Trail Cam Photos/cam19/cam19_folder3/RCNX0043.JPG,/content/drive/MyDrive/Calanda-Drive/Trail Cam Photos/cam19/cam19_folder3/RCNX0043.JPG,no detections,0
/content/drive/MyDrive/Calanda-Drive/Trail Cam Photos/cam19/cam19_folder3/RCNX0044.JPG,/content/drive/MyDrive/Calanda-Drive/Trail Cam Photos/cam19/cam19_folder3/RCNX0044.JPG,no detections,0
/content/drive/MyDrive/Calanda-Drive/Trail Cam Photos/cam19/cam19_folder3/RCNX0045.JPG,/content/drive/MyDrive/Calanda-Drive/Trail Cam Photos/cam19/cam19_folder3/RCNX0045.JPG,no detections,0
/content/drive/MyDrive/Calanda-Drive/Trail Cam Photos/cam19/cam19_folder3/RCNX0046.JPG,/content/drive/MyDrive/Calanda-Drive/Trail Cam Photos/cam19/cam19_folder3/RCNX0046.JPG,no detections,0
/content/drive/MyDrive/Calanda-Drive/Trail Cam Photos/cam19/cam19_folder3/RCNX0047.JPG,/content/drive/MyDrive/Calanda-Drive/Trail Cam Photos/cam19/cam19_folder3/RCNX0047.JPG,Alchemilla conjuncta,37
/content/drive/MyDrive/Calanda-Drive/Trail Cam Photos/cam19/cam19_folder3/RCNX0048.JPG,/content/drive/MyDrive/Calanda-Drive/Trail Cam Photos/cam19/cam19_folder3/RCNX0048.JPG,Trifolium badium,35
/content/drive/MyDrive/Calanda-Drive/Trail Cam Photos/cam19/cam19_folder3/RCNX0049.JPG,/content/drive/MyDrive/Calanda-Drive/Trail Cam Photos/cam19/cam19_folder3/RCNX0049.JPG,no detections,0
/content/drive/MyDrive/Calanda-Drive/Trail Cam Photos/cam19/cam19_folder3/RCNX0050.JPG,/content/drive/MyDrive/Calanda-Drive/Trail Cam Photos/cam19/cam19_folder3/RCNX0050.JPG,no detections,0
/content/drive/MyDrive/Calanda-Drive/Trail Cam Photos/cam19/cam19_folder3/RCNX0051.JPG,/content/drive/MyDrive/Calanda-Drive/Trail Cam Photos/cam19/cam19_folder3/RCNX0051.JPG,no detections,0
/content/drive/MyDrive/Calanda-Drive/Trail Cam Photos/cam19/cam19_folder3/RCNX0052.JPG,/content/drive/MyDrive/Calanda-Drive/Trail Cam Photos/cam19/cam19_folder3/RCNX0052.JPG,no detections,0
/content/drive/MyDrive/Calanda-Drive/Trail Cam Photos/cam19/cam19_folder3/RCNX0054.JPG,/content/drive/MyDrive/Calanda-Drive/Trail Cam Photos/cam19/cam19_folder3/RCNX0054.JPG,Alchemilla conjuncta,30
/content/drive/MyDrive/Calanda-Drive/Trail Cam Photos/cam19/cam19_folder3/RCNX0054.JPG,/content/drive/MyDrive/Calanda-Drive/Trail Cam Photos/cam19/cam19_folder3/RCNX0054.JPG,Alchemilla conjuncta,27
/content/drive/MyDrive/Calanda-Drive/Trail Cam Photos/cam19/cam19_folder3/RCNX0055.JPG,/content/drive/MyDrive/Calanda-Drive/Trail Cam Photos/cam19/cam19_folder3/RCNX0055.JPG,no detections,0
/content/drive/MyDrive/Calanda-Drive/Trail Cam Photos/cam19/cam19_folder3/RCNX0056.JPG,/content/drive/MyDrive/Calanda-Drive/Trail Cam Photos/cam19/cam19_folder3/RCNX0056.JPG,no detections,0
/content/drive/MyDrive/Calanda-Drive/Trail Cam Photos/cam19/cam19_folder3/RCNX0057.JPG,/content/drive/MyDrive/Calanda-Drive/Trail Cam Photos/cam19/cam19_folder3/RCNX0057.JPG,no detections,0
/content/drive/MyDrive/Calanda-Drive/Trail Cam Photos/cam19/cam19_folder3/RCNX0058.JPG,/content/drive/MyDrive/Calanda-Drive/Trail Cam Photos/cam19/cam19_folder3/RCNX0058.JPG,no detections,0
/content/drive/MyDrive/Calanda-Drive/Trail Cam Photos/cam19/cam19_folder3/RCNX0059.JPG,/content/drive/MyDrive/Calanda-Drive/Trail Cam Photos/cam19/cam19_folder3/RCNX0059.JPG,no detections,0
/content/drive/MyDrive/Calanda-Drive/Trail Cam Photos/cam19/cam19_folder3/RCNX0060.JPG,/content/drive/MyDrive/Calanda-Drive/Trail Cam Photos/cam19/cam19_folder3/RCNX0060.JPG,no detections,0
/content/drive/MyDrive/Calanda-Drive/Trail Cam Photos/cam19/cam19_folder3/RCNX0061.JPG,/content/drive/MyDrive/Calanda-Drive/Trail Cam Photos/cam19/cam19_folder3/RCNX0061.JPG,no detections,0
/content/drive/MyDrive/Calanda-Drive/Trail Cam Photos/cam19/cam19_folder3/RCNX0062.JPG,/content/drive/MyDrive/Calanda-Drive/Trail Cam Photos/cam19/cam19_folder3/RCNX0062.JPG,no detections,0
/content/drive/MyDrive/Calanda-Drive/Trail Cam Photos/cam19/cam19_folder3/RCNX0063.JPG,/content/drive/MyDrive/Calanda-Drive/Trail Cam Photos/cam19/cam19_folder3/RCNX0063.JPG,no detections,0
/content/drive/MyDrive/Calanda-Drive/Trail Cam Photos/cam19/cam19_folder3/RCNX0064.JPG,/content/drive/MyDrive/Calanda-Drive/Trail Cam Photos/cam19/cam19_folder3/RCNX0064.JPG,no detections,0
/content/drive/MyDrive/Calanda-Drive/Trail Cam Photos/cam19/cam19_folder3/RCNX0065.JPG,/content/drive/MyDrive/Calanda-Drive/Trail Cam Photos/cam19/cam19_folder3/RCNX0065.JPG,no detections,0
/content/drive/MyDrive/Calanda-Drive/Trail Cam Photos/cam19/cam19_folder3/RCNX0066.JPG,/content/drive/MyDrive/Calanda-Drive/Trail Cam Photos/cam19/cam19_folder3/RCNX0066.JPG,no detections,0
/content/drive/MyDrive/Calanda-Drive/Trail Cam Photos/cam19/cam19_folder3/RCNX0067.JPG,/content/drive/MyDrive/Calanda-Drive/Trail Cam Photos/cam19/cam19_folder3/RCNX0067.JPG,no detections,0
/content/drive/MyDrive/Calanda-Drive/Trail Cam Photos/cam19/cam19_folder3/RCNX0068.JPG,/content/drive/MyDrive/Calanda-Drive/Trail Cam Photos/cam19/cam19_folder3/RCNX0068.JPG,no detections,0
/content/drive/MyDrive/Calanda-Drive/Trail Cam Photos/cam19/cam19_folder3/RCNX0069.JPG,/content/drive/MyDrive/Calanda-Drive/Trail Cam Photos/cam19/cam19_folder3/RCNX0069.JPG,no detections,0
/content/drive/MyDrive/Calanda-Drive/Trail Cam Photos/cam19/cam19_folder3/RCNX0070.JPG,/content/drive/MyDrive/Calanda-Drive/Trail Cam Photos/cam19/cam19_folder3/RCNX0070.JPG,no detections,0
/content/drive/MyDrive/Calanda-Drive/Trail Cam Photos/cam19/cam19_folder3/RCNX0071.JPG,/content/drive/MyDrive/Calanda-Drive/Trail Cam Photos/cam19/cam19_folder3/RCNX0071.JPG,no detections,0
/content/drive/MyDrive/Calanda-Drive/Trail Cam Photos/cam19/cam19_folder3/RCNX0072.JPG,/content/drive/MyDrive/Calanda-Drive/Trail Cam Photos/cam19/cam19_folder3/RCNX0072.JPG,no detections,0
/content/drive/MyDrive/Calanda-Drive/Trail Cam Photos/cam19/cam19_folder3/RCNX0073.JPG,/content/drive/MyDrive/Calanda-Drive/Trail Cam Photos/cam19/cam19_folder3/RCNX0073.JPG,no detections,0
/content/drive/MyDrive/Calanda-Drive/Trail Cam Photos/cam19/cam19_folder3/RCNX0074.JPG,/content/drive/MyDrive/Calanda-Drive/Trail Cam Photos/cam19/cam19_folder3/RCNX0074.JPG,no detections,0
/content/drive/MyDrive/Calanda-Drive/Trail Cam Photos/cam19/cam19_folder3/RCNX0075.JPG,/content/drive/MyDrive/Calanda-Drive/Trail Cam Photos/cam19/cam19_folder3/RCNX0075.JPG,no detections,0
/content/drive/MyDrive/Calanda-Drive/Trail Cam Photos/cam19/cam19_folder3/RCNX0076.JPG,/content/drive/MyDrive/Calanda-Drive/Trail Cam Photos/cam19/cam19_folder3/RCNX0076.JPG,no detections,0
/content/drive/MyDrive/Calanda-Drive/Trail Cam Photos/cam19/cam19_folder3/RCNX0077.JPG,/content/drive/MyDrive/Calanda-Drive/Trail Cam Photos/cam19/cam19_folder3/RCNX0077.JPG,Hepatica nobilis,66
/content/drive/MyDrive/Calanda-Drive/Trail Cam Photos/cam19/cam19_folder3/RCNX0078.JPG,/content/drive/MyDrive/Calanda-Drive/Trail Cam Photos/cam19/cam19_folder3/RCNX0078.JPG,no detections,0
/content/drive/MyDrive/Calanda-Drive/Trail Cam Photos/cam19/cam19_folder3/RCNX0079.JPG,/content/drive/MyDrive/Calanda-Drive/Trail Cam Photos/cam19/cam19_folder3/RCNX0079.JPG,no detections,0
/content/drive/MyDrive/Calanda-Drive/Trail Cam Photos/cam19/cam19_folder2/RCNX0109.JPG,/content/drive/MyDrive/Calanda-Drive/Trail Cam Photos/cam19/cam19_folder2/RCNX0109.JPG,Hepatica nobilis,43
/content/drive/MyDrive/Calanda-Drive/Trail Cam Photos/cam19/cam19_folder2/RCNX0110.JPG,/content/drive/MyDrive/Calanda-Drive/Trail Cam Photos/cam19/cam19_folder2/RCNX0110.JPG,no detections,0
/content/drive/MyDrive/Calanda-Drive/Trail Cam Photos/cam19/cam19_folder2/RCNX0107.JPG,/content/drive/MyDrive/Calanda-Drive/Trail Cam Photos/cam19/cam19_folder2/RCNX0107.JPG,no detections,0
/content/drive/MyDrive/Calanda-Drive/Trail Cam Photos/cam19/cam19_folder2/RCNX0098.JPG,/content/drive/MyDrive/Calanda-Drive/Trail Cam Photos/cam19/cam19_folder2/RCNX0098.JPG,Hepatica nobilis,46
/content/drive/MyDrive/Calanda-Drive/Trail Cam Photos/cam19/cam19_folder2/RCNX0101.JPG,/content/drive/MyDrive/Calanda-Drive/Trail Cam Photos/cam19/cam19_folder2/RCNX0101.JPG,Hepatica nobilis,74
/content/drive/MyDrive/Calanda-Drive/Trail Cam Photos/cam19/cam19_folder2/RCNX0101.JPG,/content/drive/MyDrive/Calanda-Drive/Trail Cam Photos/cam19/cam19_folder2/RCNX0101.JPG,Hepatica nobilis,56
/content/drive/MyDrive/Calanda-Drive/Trail Cam Photos/cam19/cam19_folder2/RCNX0101.JPG,/content/drive/MyDrive/Calanda-Drive/Trail Cam Photos/cam19/cam19_folder2/RCNX0101.JPG,Hepatica nobilis,46
/content/drive/MyDrive/Calanda-Drive/Trail Cam Photos/cam19/cam19_folder2/RCNX0101.JPG,/content/drive/MyDrive/Calanda-Drive/Trail Cam Photos/cam19/cam19_folder2/RCNX0101.JPG,Hepatica nobilis,32
/content/drive/MyDrive/Calanda-Drive/Trail Cam Photos/cam19/cam19_folder2/RCNX0096.JPG,/content/drive/MyDrive/Calanda-Drive/Trail Cam Photos/cam19/cam19_folder2/RCNX0096.JPG,Hepatica nobilis,60
/content/drive/MyDrive/Calanda-Drive/Trail Cam Photos/cam19/cam19_folder2/RCNX0096.JPG,/content/drive/MyDrive/Calanda-Drive/Trail Cam Photos/cam19/cam19_folder2/RCNX0096.JPG,Hepatica nobilis,27
/content/drive/MyDrive/Calanda-Drive/Trail Cam Photos/cam19/cam19_folder2/RCNX0100.JPG,/content/drive/MyDrive/Calanda-Drive/Trail Cam Photos/cam19/cam19_folder2/RCNX0100.JPG,Hepatica nobilis,84
/content/drive/MyDrive/Calanda-Drive/Trail Cam Photos/cam19/cam19_folder2/RCNX0100.JPG,/content/drive/MyDrive/Calanda-Drive/Trail Cam Photos/cam19/cam19_folder2/RCNX0100.JPG,Crocus albiflorus,47
/content/drive/MyDrive/Calanda-Drive/Trail Cam Photos/cam19/cam19_folder2/RCNX0100.JPG,/content/drive/MyDrive/Calanda-Drive/Trail Cam Photos/cam19/cam19_folder2/RCNX0100.JPG,Hepatica nobilis,34
/content/drive/MyDrive/Calanda-Drive/Trail Cam Photos/cam19/cam19_folder2/RCNX0102.JPG,/content/drive/MyDrive/Calanda-Drive/Trail Cam Photos/cam19/cam19_folder2/RCNX0102.JPG,Hepatica nobilis,68
/content/drive/MyDrive/Calanda-Drive/Trail Cam Photos/cam19/cam19_folder2/RCNX0105.JPG,/content/drive/MyDrive/Calanda-Drive/Trail Cam Photos/cam19/cam19_folder2/RCNX0105.JPG,no detections,0
/content/drive/MyDrive/Calanda-Drive/Trail Cam Photos/cam19/cam19_folder2/RCNX0108.JPG,/content/drive/MyDrive/Calanda-Drive/Trail Cam Photos/cam19/cam19_folder2/RCNX0108.JPG,no detections,0
/content/drive/MyDrive/Calanda-Drive/Trail Cam Photos/cam19/cam19_folder2/RCNX0104.JPG,/content/drive/MyDrive/Calanda-Drive/Trail Cam Photos/cam19/cam19_folder2/RCNX0104.JPG,no detections,0
/content/drive/MyDrive/Calanda-Drive/Trail Cam Photos/cam19/cam19_folder2/RCNX0093.JPG,/content/drive/MyDrive/Calanda-Drive/Trail Cam Photos/cam19/cam19_folder2/RCNX0093.JPG,no detections,0
/content/drive/MyDrive/Calanda-Drive/Trail Cam Photos/cam19/cam19_folder2/RCNX0095.JPG,/content/drive/MyDrive/Calanda-Drive/Trail Cam Photos/cam19/cam19_folder2/RCNX0095.JPG,Hepatica nobilis,79
/content/drive/MyDrive/Calanda-Drive/Trail Cam Photos/cam19/cam19_folder2/RCNX0095.JPG,/content/drive/MyDrive/Calanda-Drive/Trail Cam Photos/cam19/cam19_folder2/RCNX0095.JPG,Hepatica nobilis,37
/content/drive/MyDrive/Calanda-Drive/Trail Cam Photos/cam19/cam19_folder2/RCNX0095.JPG,/content/drive/MyDrive/Calanda-Drive/Trail Cam Photos/cam19/cam19_folder2/RCNX0095.JPG,Crocus albiflorus,36
/content/drive/MyDrive/Calanda-Drive/Trail Cam Photos/cam19/cam19_folder2/RCNX0095.JPG,/content/drive/MyDrive/Calanda-Drive/Trail Cam Photos/cam19/cam19_folder2/RCNX0095.JPG,Hepatica nobilis,29
/content/drive/MyDrive/Calanda-Drive/Trail Cam Photos/cam19/cam19_folder2/RCNX0095.JPG,/content/drive/MyDrive/Calanda-Drive/Trail Cam Photos/cam19/cam19_folder2/RCNX0095.JPG,Euphrasia minima,28
/content/drive/MyDrive/Calanda-Drive/Trail Cam Photos/cam19/cam19_folder2/RCNX0099.JPG,/content/drive/MyDrive/Calanda-Drive/Trail Cam Photos/cam19/cam19_folder2/RCNX0099.JPG,Hepatica nobilis,29
/content/drive/MyDrive/Calanda-Drive/Trail Cam Photos/cam19/cam19_folder2/RCNX0106.JPG,/content/drive/MyDrive/Calanda-Drive/Trail Cam Photos/cam19/cam19_folder2/RCNX0106.JPG,no detections,0
/content/drive/MyDrive/Calanda-Drive/Trail Cam Photos/cam19/cam19_folder2/RCNX0092.JPG,/content/drive/MyDrive/Calanda-Drive/Trail Cam Photos/cam19/cam19_folder2/RCNX0092.JPG,Hepatica nobilis,85
/content/drive/MyDrive/Calanda-Drive/Trail Cam Photos/cam19/cam19_folder2/RCNX0092.JPG,/content/drive/MyDrive/Calanda-Drive/Trail Cam Photos/cam19/cam19_folder2/RCNX0092.JPG,Hepatica nobilis,84
/content/drive/MyDrive/Calanda-Drive/Trail Cam Photos/cam19/cam19_folder2/RCNX0092.JPG,/content/drive/MyDrive/Calanda-Drive/Trail Cam Photos/cam19/cam19_folder2/RCNX0092.JPG,Hepatica nobilis,73
/content/drive/MyDrive/Calanda-Drive/Trail Cam Photos/cam19/cam19_folder2/RCNX0092.JPG,/content/drive/MyDrive/Calanda-Drive/Trail Cam Photos/cam19/cam19_folder2/RCNX0092.JPG,Hepatica nobilis,63
/content/drive/MyDrive/Calanda-Drive/Trail Cam Photos/cam19/cam19_folder2/RCNX0092.JPG,/content/drive/MyDrive/Calanda-Drive/Trail Cam Photos/cam19/cam19_folder2/RCNX0092.JPG,Hepatica nobilis,61
/content/drive/MyDrive/Calanda-Drive/Trail Cam Photos/cam19/cam19_folder2/RCNX0092.JPG,/content/drive/MyDrive/Calanda-Drive/Trail Cam Photos/cam19/cam19_folder2/RCNX0092.JPG,Hepatica nobilis,46
/content/drive/MyDrive/Calanda-Drive/Trail Cam Photos/cam19/cam19_folder2/RCNX0094.JPG,/content/drive/MyDrive/Calanda-Drive/Trail Cam Photos/cam19/cam19_folder2/RCNX0094.JPG,Hepatica nobilis,40
/content/drive/MyDrive/Calanda-Drive/Trail Cam Photos/cam19/cam19_folder2/RCNX0094.JPG,/content/drive/MyDrive/Calanda-Drive/Trail Cam Photos/cam19/cam19_folder2/RCNX0094.JPG,Hepatica nobilis,35
/content/drive/MyDrive/Calanda-Drive/Trail Cam Photos/cam19/cam19_folder2/RCNX0094.JPG,/content/drive/MyDrive/Calanda-Drive/Trail Cam Photos/cam19/cam19_folder2/RCNX0094.JPG,Hepatica nobilis,33
/content/drive/MyDrive/Calanda-Drive/Trail Cam Photos/cam19/cam19_folder2/RCNX0094.JPG,/content/drive/MyDrive/Calanda-Drive/Trail Cam Photos/cam19/cam19_folder2/RCNX0094.JPG,Hepatica nobilis,27
/content/drive/MyDrive/Calanda-Drive/Trail Cam Photos/cam19/cam19_folder2/RCNX0087.JPG,/content/drive/MyDrive/Calanda-Drive/Trail Cam Photos/cam19/cam19_folder2/RCNX0087.JPG,no detections,0
/content/drive/MyDrive/Calanda-Drive/Trail Cam Photos/cam19/cam19_folder2/RCNX0085.JPG,/content/drive/MyDrive/Calanda-Drive/Trail Cam Photos/cam19/cam19_folder2/RCNX0085.JPG,no detections,0
/content/drive/MyDrive/Calanda-Drive/Trail Cam Photos/cam19/cam19_folder2/RCNX0090.JPG,/content/drive/MyDrive/Calanda-Drive/Trail Cam Photos/cam19/cam19_folder2/RCNX0090.JPG,Crocus albiflorus,61
/content/drive/MyDrive/Calanda-Drive/Trail Cam Photos/cam19/cam19_folder2/RCNX0075.JPG,/content/drive/MyDrive/Calanda-Drive/Trail Cam Photos/cam19/cam19_folder2/RCNX0075.JPG,no detections,0
/content/drive/MyDrive/Calanda-Drive/Trail Cam Photos/cam19/cam19_folder2/RCNX0082.JPG,/content/drive/MyDrive/Calanda-Drive/Trail Cam Photos/cam19/cam19_folder2/RCNX0082.JPG,no detections,0
/content/drive/MyDrive/Calanda-Drive/Trail Cam Photos/cam19/cam19_folder2/RCNX0088.JPG,/content/drive/MyDrive/Calanda-Drive/Trail Cam Photos/cam19/cam19_folder2/RCNX0088.JPG,no detections,0
/content/drive/MyDrive/Calanda-Drive/Trail Cam Photos/cam19/cam19_folder2/RCNX0097.JPG,/content/drive/MyDrive/Calanda-Drive/Trail Cam Photos/cam19/cam19_folder2/RCNX0097.JPG,no detections,0
/content/drive/MyDrive/Calanda-Drive/Trail Cam Photos/cam19/cam19_folder2/RCNX0084.JPG,/content/drive/MyDrive/Calanda-Drive/Trail Cam Photos/cam19/cam19_folder2/RCNX0084.JPG,no detections,0
/content/drive/MyDrive/Calanda-Drive/Trail Cam Photos/cam19/cam19_folder2/RCNX0086.JPG,/content/drive/MyDrive/Calanda-Drive/Trail Cam Photos/cam19/cam19_folder2/RCNX0086.JPG,no detections,0
/content/drive/MyDrive/Calanda-Drive/Trail Cam Photos/cam19/cam19_folder2/RCNX0080.JPG,/content/drive/MyDrive/Calanda-Drive/Trail Cam Photos/cam19/cam19_folder2/RCNX0080.JPG,no detections,0
/content/drive/MyDrive/Calanda-Drive/Trail Cam Photos/cam19/cam19_folder2/RCNX0074.JPG,/content/drive/MyDrive/Calanda-Drive/Trail Cam Photos/cam19/cam19_folder2/RCNX0074.JPG,no detections,0
/content/drive/MyDrive/Calanda-Drive/Trail Cam Photos/cam19/cam19_folder2/RCNX0103.JPG,/content/drive/MyDrive/Calanda-Drive/Trail Cam Photos/cam19/cam19_folder2/RCNX0103.JPG,Hepatica nobilis,54
/content/drive/MyDrive/Calanda-Drive/Trail Cam Photos/cam19/cam19_folder2/RCNX0103.JPG,/content/drive/MyDrive/Calanda-Drive/Trail Cam Photos/cam19/cam19_folder2/RCNX0103.JPG,Hepatica nobilis,47
/content/drive/MyDrive/Calanda-Drive/Trail Cam Photos/cam19/cam19_folder2/RCNX0079.JPG,/content/drive/MyDrive/Calanda-Drive/Trail Cam Photos/cam19/cam19_folder2/RCNX0079.JPG,no detections,0
/content/drive/MyDrive/Calanda-Drive/Trail Cam Photos/cam19/cam19_folder2/RCNX0089.JPG,/content/drive/MyDrive/Calanda-Drive/Trail Cam Photos/cam19/cam19_folder2/RCNX0089.JPG,Hepatica nobilis,91
/content/drive/MyDrive/Calanda-Drive/Trail Cam Photos/cam19/cam19_folder2/RCNX0089.JPG,/content/drive/MyDrive/Calanda-Drive/Trail Cam Photos/cam19/cam19_folder2/RCNX0089.JPG,Hepatica nobilis,70
/content/drive/MyDrive/Calanda-Drive/Trail Cam Photos/cam19/cam19_folder2/RCNX0089.JPG,/content/drive/MyDrive/Calanda-Drive/Trail Cam Photos/cam19/cam19_folder2/RCNX0089.JPG,Hepatica nobilis,61
/content/drive/MyDrive/Calanda-Drive/Trail Cam Photos/cam19/cam19_folder2/RCNX0089.JPG,/content/drive/MyDrive/Calanda-Drive/Trail Cam Photos/cam19/cam19_folder2/RCNX0089.JPG,Hepatica nobilis,48
/content/drive/MyDrive/Calanda-Drive/Trail Cam Photos/cam19/cam19_folder2/RCNX0089.JPG,/content/drive/MyDrive/Calanda-Drive/Trail Cam Photos/cam19/cam19_folder2/RCNX0089.JPG,Hepatica nobilis,45
/content/drive/MyDrive/Calanda-Drive/Trail Cam Photos/cam19/cam19_folder2/RCNX0089.JPG,/content/drive/MyDrive/Calanda-Drive/Trail Cam Photos/cam19/cam19_folder2/RCNX0089.JPG,Hepatica nobilis,27
/content/drive/MyDrive/Calanda-Drive/Trail Cam Photos/cam19/cam19_folder2/RCNX0083.JPG,/content/drive/MyDrive/Calanda-Drive/Trail Cam Photos/cam19/cam19_folder2/RCNX0083.JPG,Hepatica nobilis,40
/content/drive/MyDrive/Calanda-Drive/Trail Cam Photos/cam19/cam19_folder2/RCNX0076.JPG,/content/drive/MyDrive/Calanda-Drive/Trail Cam Photos/cam19/cam19_folder2/RCNX0076.JPG,Alchemilla conjuncta,74
/content/drive/MyDrive/Calanda-Drive/Trail Cam Photos/cam19/cam19_folder2/RCNX0091.JPG,/content/drive/MyDrive/Calanda-Drive/Trail Cam Photos/cam19/cam19_folder2/RCNX0091.JPG,Hepatica nobilis,86
/content/drive/MyDrive/Calanda-Drive/Trail Cam Photos/cam19/cam19_folder2/RCNX0091.JPG,/content/drive/MyDrive/Calanda-Drive/Trail Cam Photos/cam19/cam19_folder2/RCNX0091.JPG,Hepatica nobilis,84
/content/drive/MyDrive/Calanda-Drive/Trail Cam Photos/cam19/cam19_folder2/RCNX0091.JPG,/content/drive/MyDrive/Calanda-Drive/Trail Cam Photos/cam19/cam19_folder2/RCNX0091.JPG,Hepatica nobilis,55
/content/drive/MyDrive/Calanda-Drive/Trail Cam Photos/cam19/cam19_folder2/RCNX0091.JPG,/content/drive/MyDrive/Calanda-Drive/Trail Cam Photos/cam19/cam19_folder2/RCNX0091.JPG,Hepatica nobilis,48
/content/drive/MyDrive/Calanda-Drive/Trail Cam Photos/cam19/cam19_folder2/RCNX0091.JPG,/content/drive/MyDrive/Calanda-Drive/Trail Cam Photos/cam19/cam19_folder2/RCNX0091.JPG,Hepatica nobilis,32
/content/drive/MyDrive/Calanda-Drive/Trail Cam Photos/cam19/cam19_folder2/RCNX0069.JPG,/content/drive/MyDrive/Calanda-Drive/Trail Cam Photos/cam19/cam19_folder2/RCNX0069.JPG,no detections,0
/content/drive/MyDrive/Calanda-Drive/Trail Cam Photos/cam19/cam19_folder2/RCNX0073.JPG,/content/drive/MyDrive/Calanda-Drive/Trail Cam Photos/cam19/cam19_folder2/RCNX0073.JPG,no detections,0
/content/drive/MyDrive/Calanda-Drive/Trail Cam Photos/cam19/cam19_folder2/RCNX0078.JPG,/content/drive/MyDrive/Calanda-Drive/Trail Cam Photos/cam19/cam19_folder2/RCNX0078.JPG,no detections,0
/content/drive/MyDrive/Calanda-Drive/Trail Cam Photos/cam19/cam19_folder2/RCNX0081.JPG,/content/drive/MyDrive/Calanda-Drive/Trail Cam Photos/cam19/cam19_folder2/RCNX0081.JPG,Hepatica nobilis,56
/content/drive/MyDrive/Calanda-Drive/Trail Cam Photos/cam19/cam19_folder2/RCNX0077.JPG,/content/drive/MyDrive/Calanda-Drive/Trail Cam Photos/cam19/cam19_folder2/RCNX0077.JPG,no detections,0
/content/drive/MyDrive/Calanda-Drive/Trail Cam Photos/cam19/cam19_folder2/RCNX0067.JPG,/content/drive/MyDrive/Calanda-Drive/Trail Cam Photos/cam19/cam19_folder2/RCNX0067.JPG,no detections,0
/content/drive/MyDrive/Calanda-Drive/Trail Cam Photos/cam19/cam19_folder2/RCNX0068.JPG,/content/drive/MyDrive/Calanda-Drive/Trail Cam Photos/cam19/cam19_folder2/RCNX0068.JPG,no detections,0
/content/drive/MyDrive/Calanda-Drive/Trail Cam Photos/cam19/cam19_folder2/RCNX0064.JPG,/content/drive/MyDrive/Calanda-Drive/Trail Cam Photos/cam19/cam19_folder2/RCNX0064.JPG,no detections,0
/content/drive/MyDrive/Calanda-Drive/Trail Cam Photos/cam19/cam19_folder2/RCNX0072.JPG,/content/drive/MyDrive/Calanda-Drive/Trail Cam Photos/cam19/cam19_folder2/RCNX0072.JPG,no detections,0
/content/drive/MyDrive/Calanda-Drive/Trail Cam Photos/cam19/cam19_folder2/RCNX0070.JPG,/content/drive/MyDrive/Calanda-Drive/Trail Cam Photos/cam19/cam19_folder2/RCNX0070.JPG,no detections,0
/content/drive/MyDrive/Calanda-Drive/Trail Cam Photos/cam19/cam19_folder2/RCNX0057.JPG,/content/drive/MyDrive/Calanda-Drive/Trail Cam Photos/cam19/cam19_folder2/RCNX0057.JPG,Alchemilla xanthochlora,26
/content/drive/MyDrive/Calanda-Drive/Trail Cam Photos/cam19/cam19_folder2/RCNX0065.JPG,/content/drive/MyDrive/Calanda-Drive/Trail Cam Photos/cam19/cam19_folder2/RCNX0065.JPG,Campanula scheuchzeri,43
/content/drive/MyDrive/Calanda-Drive/Trail Cam Photos/cam19/cam19_folder2/RCNX0058.JPG,/content/drive/MyDrive/Calanda-Drive/Trail Cam Photos/cam19/cam19_folder2/RCNX0058.JPG,Crocus albiflorus,79
/content/drive/MyDrive/Calanda-Drive/Trail Cam Photos/cam19/cam19_folder2/RCNX0066.JPG,/content/drive/MyDrive/Calanda-Drive/Trail Cam Photos/cam19/cam19_folder2/RCNX0066.JPG,no detections,0
/content/drive/MyDrive/Calanda-Drive/Trail Cam Photos/cam19/cam19_folder2/RCNX0060.JPG,/content/drive/MyDrive/Calanda-Drive/Trail Cam Photos/cam19/cam19_folder2/RCNX0060.JPG,no detections,0
/content/drive/MyDrive/Calanda-Drive/Trail Cam Photos/cam19/cam19_folder2/RCNX0054.JPG,/content/drive/MyDrive/Calanda-Drive/Trail Cam Photos/cam19/cam19_folder2/RCNX0054.JPG,Anthyllis vulneraria,40
/content/drive/MyDrive/Calanda-Drive/Trail Cam Photos/cam19/cam19_folder2/RCNX0056.JPG,/content/drive/MyDrive/Calanda-Drive/Trail Cam Photos/cam19/cam19_folder2/RCNX0056.JPG,no detections,0
/content/drive/MyDrive/Calanda-Drive/Trail Cam Photos/cam19/cam19_folder2/RCNX0061.JPG,/content/drive/MyDrive/Calanda-Drive/Trail Cam Photos/cam19/cam19_folder2/RCNX0061.JPG,Hepatica nobilis,61
/content/drive/MyDrive/Calanda-Drive/Trail Cam Photos/cam19/cam19_folder2/RCNX0059.JPG,/content/drive/MyDrive/Calanda-Drive/Trail Cam Photos/cam19/cam19_folder2/RCNX0059.JPG,no detections,0
/content/drive/MyDrive/Calanda-Drive/Trail Cam Photos/cam19/cam19_folder2/RCNX0055.JPG,/content/drive/MyDrive/Calanda-Drive/Trail Cam Photos/cam19/cam19_folder2/RCNX0055.JPG,Anthyllis vulneraria,34
/content/drive/MyDrive/Calanda-Drive/Trail Cam Photos/cam19/cam19_folder2/RCNX0051.JPG,/content/drive/MyDrive/Calanda-Drive/Trail Cam Photos/cam19/cam19_folder2/RCNX0051.JPG,no detections,0
/content/drive/MyDrive/Calanda-Drive/Trail Cam Photos/cam19/cam19_folder2/RCNX0049.JPG,/content/drive/MyDrive/Calanda-Drive/Trail Cam Photos/cam19/cam19_folder2/RCNX0049.JPG,no detections,0
/content/drive/MyDrive/Calanda-Drive/Trail Cam Photos/cam19/cam19_folder2/RCNX0047.JPG,/content/drive/MyDrive/Calanda-Drive/Trail Cam Photos/cam19/cam19_folder2/RCNX0047.JPG,no detections,0
/content/drive/MyDrive/Calanda-Drive/Trail Cam Photos/cam19/cam19_folder2/RCNX0052.JPG,/content/drive/MyDrive/Calanda-Drive/Trail Cam Photos/cam19/cam19_folder2/RCNX0052.JPG,no detections,0
/content/drive/MyDrive/Calanda-Drive/Trail Cam Photos/cam19/cam19_folder2/RCNX0044.JPG,/content/drive/MyDrive/Calanda-Drive/Trail Cam Photos/cam19/cam19_folder2/RCNX0044.JPG,no detections,0
/content/drive/MyDrive/Calanda-Drive/Trail Cam Photos/cam19/cam19_folder2/RCNX0050.JPG,/content/drive/MyDrive/Calanda-Drive/Trail Cam Photos/cam19/cam19_folder2/RCNX0050.JPG,no detections,0
/content/drive/MyDrive/Calanda-Drive/Trail Cam Photos/cam19/cam19_folder2/RCNX0071.JPG,/content/drive/MyDrive/Calanda-Drive/Trail Cam Photos/cam19/cam19_folder2/RCNX0071.JPG,no detections,0
/content/drive/MyDrive/Calanda-Drive/Trail Cam Photos/cam19/cam19_folder2/RCNX0048.JPG,/content/drive/MyDrive/Calanda-Drive/Trail Cam Photos/cam19/cam19_folder2/RCNX0048.JPG,no detections,0
/content/drive/MyDrive/Calanda-Drive/Trail Cam Photos/cam19/cam19_folder2/RCNX0062.JPG,/content/drive/MyDrive/Calanda-Drive/Trail Cam Photos/cam19/cam19_folder2/RCNX0062.JPG,Hepatica nobilis,70
/content/drive/MyDrive/Calanda-Drive/Trail Cam Photos/cam19/cam19_folder2/RCNX0035.JPG,/content/drive/MyDrive/Calanda-Drive/Trail Cam Photos/cam19/cam19_folder2/RCNX0035.JPG,no detections,0
/content/drive/MyDrive/Calanda-Drive/Trail Cam Photos/cam19/cam19_folder2/RCNX0043.JPG,/content/drive/MyDrive/Calanda-Drive/Trail Cam Photos/cam19/cam19_folder2/RCNX0043.JPG,no detections,0
/content/drive/MyDrive/Calanda-Drive/Trail Cam Photos/cam19/cam19_folder2/RCNX0045.JPG,/content/drive/MyDrive/Calanda-Drive/Trail Cam Photos/cam19/cam19_folder2/RCNX0045.JPG,no detections,0
/content/drive/MyDrive/Calanda-Drive/Trail Cam Photos/cam19/cam19_folder2/RCNX0037.JPG,/content/drive/MyDrive/Calanda-Drive/Trail Cam Photos/cam19/cam19_folder2/RCNX0037.JPG,no detections,0
/content/drive/MyDrive/Calanda-Drive/Trail Cam Photos/cam19/cam19_folder2/RCNX0063.JPG,/content/drive/MyDrive/Calanda-Drive/Trail Cam Photos/cam19/cam19_folder2/RCNX0063.JPG,no detections,0
/content/drive/MyDrive/Calanda-Drive/Trail Cam Photos/cam19/cam19_folder2/RCNX0042.JPG,/content/drive/MyDrive/Calanda-Drive/Trail Cam Photos/cam19/cam19_folder2/RCNX0042.JPG,no detections,0
/content/drive/MyDrive/Calanda-Drive/Trail Cam Photos/cam19/cam19_folder2/RCNX0033.JPG,/content/drive/MyDrive/Calanda-Drive/Trail Cam Photos/cam19/cam19_folder2/RCNX0033.JPG,no detections,0
/content/drive/MyDrive/Calanda-Drive/Trail Cam Photos/cam19/cam19_folder2/RCNX0040.JPG,/content/drive/MyDrive/Calanda-Drive/Trail Cam Photos/cam19/cam19_folder2/RCNX0040.JPG,no detections,0
/content/drive/MyDrive/Calanda-Drive/Trail Cam Photos/cam19/cam19_folder2/RCNX0039.JPG,/content/drive/MyDrive/Calanda-Drive/Trail Cam Photos/cam19/cam19_folder2/RCNX0039.JPG,no detections,0
/content/drive/MyDrive/Calanda-Drive/Trail Cam Photos/cam19/cam19_folder2/RCNX0036.JPG,/content/drive/MyDrive/Calanda-Drive/Trail Cam Photos/cam19/cam19_folder2/RCNX0036.JPG,Hepatica nobilis,28
/content/drive/MyDrive/Calanda-Drive/Trail Cam Photos/cam19/cam19_folder2/RCNX0026.JPG,/content/drive/MyDrive/Calanda-Drive/Trail Cam Photos/cam19/cam19_folder2/RCNX0026.JPG,no detections,0
/content/drive/MyDrive/Calanda-Drive/Trail Cam Photos/cam19/cam19_folder2/RCNX0041.JPG,/content/drive/MyDrive/Calanda-Drive/Trail Cam Photos/cam19/cam19_folder2/RCNX0041.JPG,no detections,0
/content/drive/MyDrive/Calanda-Drive/Trail Cam Photos/cam19/cam19_folder2/RCNX0046.JPG,/content/drive/MyDrive/Calanda-Drive/Trail Cam Photos/cam19/cam19_folder2/RCNX0046.JPG,no detections,0
/content/drive/MyDrive/Calanda-Drive/Trail Cam Photos/cam19/cam19_folder2/RCNX0018.JPG,/content/drive/MyDrive/Calanda-Drive/Trail Cam Photos/cam19/cam19_folder2/RCNX0018.JPG,no detections,0
/content/drive/MyDrive/Calanda-Drive/Trail Cam Photos/cam19/cam19_folder2/RCNX0027.JPG,/content/drive/MyDrive/Calanda-Drive/Trail Cam Photos/cam19/cam19_folder2/RCNX0027.JPG,no detections,0
/content/drive/MyDrive/Calanda-Drive/Trail Cam Photos/cam19/cam19_folder2/RCNX0029.JPG,/content/drive/MyDrive/Calanda-Drive/Trail Cam Photos/cam19/cam19_folder2/RCNX0029.JPG,no detections,0
/content/drive/MyDrive/Calanda-Drive/Trail Cam Photos/cam19/cam19_folder2/RCNX0034.JPG,/content/drive/MyDrive/Calanda-Drive/Trail Cam Photos/cam19/cam19_folder2/RCNX0034.JPG,no detections,0
/content/drive/MyDrive/Calanda-Drive/Trail Cam Photos/cam19/cam19_folder2/RCNX0025.JPG,/content/drive/MyDrive/Calanda-Drive/Trail Cam Photos/cam19/cam19_folder2/RCNX0025.JPG,no detections,0
/content/drive/MyDrive/Calanda-Drive/Trail Cam Photos/cam19/cam19_folder2/RCNX0030.JPG,/content/drive/MyDrive/Calanda-Drive/Trail Cam Photos/cam19/cam19_folder2/RCNX0030.JPG,no detections,0
/content/drive/MyDrive/Calanda-Drive/Trail Cam Photos/cam19/cam19_folder2/RCNX0023.JPG,/content/drive/MyDrive/Calanda-Drive/Trail Cam Photos/cam19/cam19_folder2/RCNX0023.JPG,Hepatica nobilis,41
/content/drive/MyDrive/Calanda-Drive/Trail Cam Photos/cam19/cam19_folder2/RCNX0019.JPG,/content/drive/MyDrive/Calanda-Drive/Trail Cam Photos/cam19/cam19_folder2/RCNX0019.JPG,Hepatica nobilis,95
/content/drive/MyDrive/Calanda-Drive/Trail Cam Photos/cam19/cam19_folder2/RCNX0019.JPG,/content/drive/MyDrive/Calanda-Drive/Trail Cam Photos/cam19/cam19_folder2/RCNX0019.JPG,Hepatica nobilis,33
/content/drive/MyDrive/Calanda-Drive/Trail Cam Photos/cam19/cam19_folder2/RCNX0020.JPG,/content/drive/MyDrive/Calanda-Drive/Trail Cam Photos/cam19/cam19_folder2/RCNX0020.JPG,Hepatica nobilis,92
/content/drive/MyDrive/Calanda-Drive/Trail Cam Photos/cam19/cam19_folder2/RCNX0020.JPG,/content/drive/MyDrive/Calanda-Drive/Trail Cam Photos/cam19/cam19_folder2/RCNX0020.JPG,Hepatica nobilis,90
/content/drive/MyDrive/Calanda-Drive/Trail Cam Photos/cam19/cam19_folder2/RCNX0020.JPG,/content/drive/MyDrive/Calanda-Drive/Trail Cam Photos/cam19/cam19_folder2/RCNX0020.JPG,Hepatica nobilis,81
/content/drive/MyDrive/Calanda-Drive/Trail Cam Photos/cam19/cam19_folder2/RCNX0020.JPG,/content/drive/MyDrive/Calanda-Drive/Trail Cam Photos/cam19/cam19_folder2/RCNX0020.JPG,Hepatica nobilis,27
/content/drive/MyDrive/Calanda-Drive/Trail Cam Photos/cam19/cam19_folder2/RCNX0016.JPG,/content/drive/MyDrive/Calanda-Drive/Trail Cam Photos/cam19/cam19_folder2/RCNX0016.JPG,no detections,0
/content/drive/MyDrive/Calanda-Drive/Trail Cam Photos/cam19/cam19_folder2/RCNX0031.JPG,/content/drive/MyDrive/Calanda-Drive/Trail Cam Photos/cam19/cam19_folder2/RCNX0031.JPG,no detections,0
/content/drive/MyDrive/Calanda-Drive/Trail Cam Photos/cam19/cam19_folder2/RCNX0038.JPG,/content/drive/MyDrive/Calanda-Drive/Trail Cam Photos/cam19/cam19_folder2/RCNX0038.JPG,no detections,0
/content/drive/MyDrive/Calanda-Drive/Trail Cam Photos/cam19/cam19_folder2/RCNX0017.JPG,/content/drive/MyDrive/Calanda-Drive/Trail Cam Photos/cam19/cam19_folder2/RCNX0017.JPG,Hepatica nobilis,88
/content/drive/MyDrive/Calanda-Drive/Trail Cam Photos/cam19/cam19_folder2/RCNX0017.JPG,/content/drive/MyDrive/Calanda-Drive/Trail Cam Photos/cam19/cam19_folder2/RCNX0017.JPG,Hepatica nobilis,77
/content/drive/MyDrive/Calanda-Drive/Trail Cam Photos/cam19/cam19_folder2/RCNX0017.JPG,/content/drive/MyDrive/Calanda-Drive/Trail Cam Photos/cam19/cam19_folder2/RCNX0017.JPG,Hepatica nobilis,33
/content/drive/MyDrive/Calanda-Drive/Trail Cam Photos/cam19/cam19_folder2/RCNX0012.JPG,/content/drive/MyDrive/Calanda-Drive/Trail Cam Photos/cam19/cam19_folder2/RCNX0012.JPG,no detections,0
/content/drive/MyDrive/Calanda-Drive/Trail Cam Photos/cam19/cam19_folder2/RCNX0022.JPG,/content/drive/MyDrive/Calanda-Drive/Trail Cam Photos/cam19/cam19_folder2/RCNX0022.JPG,no detections,0
/content/drive/MyDrive/Calanda-Drive/Trail Cam Photos/cam19/cam19_folder2/RCNX0011.JPG,/content/drive/MyDrive/Calanda-Drive/Trail Cam Photos/cam19/cam19_folder2/RCNX0011.JPG,Hepatica nobilis,93
/content/drive/MyDrive/Calanda-Drive/Trail Cam Photos/cam19/cam19_folder2/RCNX0011.JPG,/content/drive/MyDrive/Calanda-Drive/Trail Cam Photos/cam19/cam19_folder2/RCNX0011.JPG,Hepatica nobilis,93
/content/drive/MyDrive/Calanda-Drive/Trail Cam Photos/cam19/cam19_folder2/RCNX0011.JPG,/content/drive/MyDrive/Calanda-Drive/Trail Cam Photos/cam19/cam19_folder2/RCNX0011.JPG,Hepatica nobilis,89
/content/drive/MyDrive/Calanda-Drive/Trail Cam Photos/cam19/cam19_folder2/RCNX0011.JPG,/content/drive/MyDrive/Calanda-Drive/Trail Cam Photos/cam19/cam19_folder2/RCNX0011.JPG,Hepatica nobilis,88
/content/drive/MyDrive/Calanda-Drive/Trail Cam Photos/cam19/cam19_folder2/RCNX0011.JPG,/content/drive/MyDrive/Calanda-Drive/Trail Cam Photos/cam19/cam19_folder2/RCNX0011.JPG,Hepatica nobilis,87
/content/drive/MyDrive/Calanda-Drive/Trail Cam Photos/cam19/cam19_folder2/RCNX0011.JPG,/content/drive/MyDrive/Calanda-Drive/Trail Cam Photos/cam19/cam19_folder2/RCNX0011.JPG,Hepatica nobilis,83
/content/drive/MyDrive/Calanda-Drive/Trail Cam Photos/cam19/cam19_folder2/RCNX0011.JPG,/content/drive/MyDrive/Calanda-Drive/Trail Cam Photos/cam19/cam19_folder2/RCNX0011.JPG,Hepatica nobilis,80
/content/drive/MyDrive/Calanda-Drive/Trail Cam Photos/cam19/cam19_folder2/RCNX0011.JPG,/content/drive/MyDrive/Calanda-Drive/Trail Cam Photos/cam19/cam19_folder2/RCNX0011.JPG,Hepatica nobilis,69
/content/drive/MyDrive/Calanda-Drive/Trail Cam Photos/cam19/cam19_folder2/RCNX0011.JPG,/content/drive/MyDrive/Calanda-Drive/Trail Cam Photos/cam19/cam19_folder2/RCNX0011.JPG,Hepatica nobilis,60
/content/drive/MyDrive/Calanda-Drive/Trail Cam Photos/cam19/cam19_folder2/RCNX0011.JPG,/content/drive/MyDrive/Calanda-Drive/Trail Cam Photos/cam19/cam19_folder2/RCNX0011.JPG,Hepatica nobilis,51
/content/drive/MyDrive/Calanda-Drive/Trail Cam Photos/cam19/cam19_folder2/RCNX0011.JPG,/content/drive/MyDrive/Calanda-Drive/Trail Cam Photos/cam19/cam19_folder2/RCNX0011.JPG,Hepatica nobilis,43
/content/drive/MyDrive/Calanda-Drive/Trail Cam Photos/cam19/cam19_folder2/RCNX0011.JPG,/content/drive/MyDrive/Calanda-Drive/Trail Cam Photos/cam19/cam19_folder2/RCNX0011.JPG,Hepatica nobilis,31
/content/drive/MyDrive/Calanda-Drive/Trail Cam Photos/cam19/cam19_folder2/RCNX0011.JPG,/content/drive/MyDrive/Calanda-Drive/Trail Cam Photos/cam19/cam19_folder2/RCNX0011.JPG,Hepatica nobilis,27
/content/drive/MyDrive/Calanda-Drive/Trail Cam Photos/cam19/cam19_folder2/RCNX0011.JPG,/content/drive/MyDrive/Calanda-Drive/Trail Cam Photos/cam19/cam19_folder2/RCNX0011.JPG,Hepatica nobilis,26
/content/drive/MyDrive/Calanda-Drive/Trail Cam Photos/cam19/cam19_folder2/RCNX0021.JPG,/content/drive/MyDrive/Calanda-Drive/Trail Cam Photos/cam19/cam19_folder2/RCNX0021.JPG,no detections,0
/content/drive/MyDrive/Calanda-Drive/Trail Cam Photos/cam19/cam19_folder2/RCNX0028.JPG,/content/drive/MyDrive/Calanda-Drive/Trail Cam Photos/cam19/cam19_folder2/RCNX0028.JPG,no detections,0
/content/drive/MyDrive/Calanda-Drive/Trail Cam Photos/cam19/cam19_folder2/RCNX0032.JPG,/content/drive/MyDrive/Calanda-Drive/Trail Cam Photos/cam19/cam19_folder2/RCNX0032.JPG,no detections,0
/content/drive/MyDrive/Calanda-Drive/Trail Cam Photos/cam19/cam19_folder2/RCNX0010.JPG,/content/drive/MyDrive/Calanda-Drive/Trail Cam Photos/cam19/cam19_folder2/RCNX0010.JPG,Hepatica nobilis,92
/content/drive/MyDrive/Calanda-Drive/Trail Cam Photos/cam19/cam19_folder2/RCNX0010.JPG,/content/drive/MyDrive/Calanda-Drive/Trail Cam Photos/cam19/cam19_folder2/RCNX0010.JPG,Hepatica nobilis,89
/content/drive/MyDrive/Calanda-Drive/Trail Cam Photos/cam19/cam19_folder2/RCNX0010.JPG,/content/drive/MyDrive/Calanda-Drive/Trail Cam Photos/cam19/cam19_folder2/RCNX0010.JPG,Hepatica nobilis,87
/content/drive/MyDrive/Calanda-Drive/Trail Cam Photos/cam19/cam19_folder2/RCNX0010.JPG,/content/drive/MyDrive/Calanda-Drive/Trail Cam Photos/cam19/cam19_folder2/RCNX0010.JPG,Hepatica nobilis,86
/content/drive/MyDrive/Calanda-Drive/Trail Cam Photos/cam19/cam19_folder2/RCNX0010.JPG,/content/drive/MyDrive/Calanda-Drive/Trail Cam Photos/cam19/cam19_folder2/RCNX0010.JPG,Hepatica nobilis,75
/content/drive/MyDrive/Calanda-Drive/Trail Cam Photos/cam19/cam19_folder2/RCNX0010.JPG,/content/drive/MyDrive/Calanda-Drive/Trail Cam Photos/cam19/cam19_folder2/RCNX0010.JPG,Hepatica nobilis,47
/content/drive/MyDrive/Calanda-Drive/Trail Cam Photos/cam19/cam19_folder2/RCNX0010.JPG,/content/drive/MyDrive/Calanda-Drive/Trail Cam Photos/cam19/cam19_folder2/RCNX0010.JPG,Hepatica nobilis,46
/content/drive/MyDrive/Calanda-Drive/Trail Cam Photos/cam19/cam19_folder2/RCNX0010.JPG,/content/drive/MyDrive/Calanda-Drive/Trail Cam Photos/cam19/cam19_folder2/RCNX0010.JPG,Hepatica nobilis,45
/content/drive/MyDrive/Calanda-Drive/Trail Cam Photos/cam19/cam19_folder2/RCNX0010.JPG,/content/drive/MyDrive/Calanda-Drive/Trail Cam Photos/cam19/cam19_folder2/RCNX0010.JPG,Hepatica nobilis,44
/content/drive/MyDrive/Calanda-Drive/Trail Cam Photos/cam19/cam19_folder2/RCNX0010.JPG,/content/drive/MyDrive/Calanda-Drive/Trail Cam Photos/cam19/cam19_folder2/RCNX0010.JPG,Hepatica nobilis,33
/content/drive/MyDrive/Calanda-Drive/Trail Cam Photos/cam19/cam19_folder2/RCNX0008.JPG,/content/drive/MyDrive/Calanda-Drive/Trail Cam Photos/cam19/cam19_folder2/RCNX0008.JPG,Hepatica nobilis,92
/content/drive/MyDrive/Calanda-Drive/Trail Cam Photos/cam19/cam19_folder2/RCNX0008.JPG,/content/drive/MyDrive/Calanda-Drive/Trail Cam Photos/cam19/cam19_folder2/RCNX0008.JPG,Hepatica nobilis,88
/content/drive/MyDrive/Calanda-Drive/Trail Cam Photos/cam19/cam19_folder2/RCNX0008.JPG,/content/drive/MyDrive/Calanda-Drive/Trail Cam Photos/cam19/cam19_folder2/RCNX0008.JPG,Hepatica nobilis,80
/content/drive/MyDrive/Calanda-Drive/Trail Cam Photos/cam19/cam19_folder2/RCNX0008.JPG,/content/drive/MyDrive/Calanda-Drive/Trail Cam Photos/cam19/cam19_folder2/RCNX0008.JPG,Hepatica nobilis,78
/content/drive/MyDrive/Calanda-Drive/Trail Cam Photos/cam19/cam19_folder2/RCNX0008.JPG,/content/drive/MyDrive/Calanda-Drive/Trail Cam Photos/cam19/cam19_folder2/RCNX0008.JPG,Hepatica nobilis,75
/content/drive/MyDrive/Calanda-Drive/Trail Cam Photos/cam19/cam19_folder2/RCNX0008.JPG,/content/drive/MyDrive/Calanda-Drive/Trail Cam Photos/cam19/cam19_folder2/RCNX0008.JPG,Hepatica nobilis,70
/content/drive/MyDrive/Calanda-Drive/Trail Cam Photos/cam19/cam19_folder2/RCNX0008.JPG,/content/drive/MyDrive/Calanda-Drive/Trail Cam Photos/cam19/cam19_folder2/RCNX0008.JPG,Hepatica nobilis,55
/content/drive/MyDrive/Calanda-Drive/Trail Cam Photos/cam19/cam19_folder2/RCNX0008.JPG,/content/drive/MyDrive/Calanda-Drive/Trail Cam Photos/cam19/cam19_folder2/RCNX0008.JPG,Hepatica nobilis,48
/content/drive/MyDrive/Calanda-Drive/Trail Cam Photos/cam19/cam19_folder2/RCNX0008.JPG,/content/drive/MyDrive/Calanda-Drive/Trail Cam Photos/cam19/cam19_folder2/RCNX0008.JPG,Hepatica nobilis,36
/content/drive/MyDrive/Calanda-Drive/Trail Cam Photos/cam19/cam19_folder2/RCNX0007.JPG,/content/drive/MyDrive/Calanda-Drive/Trail Cam Photos/cam19/cam19_folder2/RCNX0007.JPG,Hepatica nobilis,92
/content/drive/MyDrive/Calanda-Drive/Trail Cam Photos/cam19/cam19_folder2/RCNX0007.JPG,/content/drive/MyDrive/Calanda-Drive/Trail Cam Photos/cam19/cam19_folder2/RCNX0007.JPG,Hepatica nobilis,84
/content/drive/MyDrive/Calanda-Drive/Trail Cam Photos/cam19/cam19_folder2/RCNX0007.JPG,/content/drive/MyDrive/Calanda-Drive/Trail Cam Photos/cam19/cam19_folder2/RCNX0007.JPG,Hepatica nobilis,82
/content/drive/MyDrive/Calanda-Drive/Trail Cam Photos/cam19/cam19_folder2/RCNX0007.JPG,/content/drive/MyDrive/Calanda-Drive/Trail Cam Photos/cam19/cam19_folder2/RCNX0007.JPG,Hepatica nobilis,72
/content/drive/MyDrive/Calanda-Drive/Trail Cam Photos/cam19/cam19_folder2/RCNX0007.JPG,/content/drive/MyDrive/Calanda-Drive/Trail Cam Photos/cam19/cam19_folder2/RCNX0007.JPG,Hepatica nobilis,69
/content/drive/MyDrive/Calanda-Drive/Trail Cam Photos/cam19/cam19_folder2/RCNX0007.JPG,/content/drive/MyDrive/Calanda-Drive/Trail Cam Photos/cam19/cam19_folder2/RCNX0007.JPG,Hepatica nobilis,60
/content/drive/MyDrive/Calanda-Drive/Trail Cam Photos/cam19/cam19_folder2/RCNX0007.JPG,/content/drive/MyDrive/Calanda-Drive/Trail Cam Photos/cam19/cam19_folder2/RCNX0007.JPG,Hepatica nobilis,56
/content/drive/MyDrive/Calanda-Drive/Trail Cam Photos/cam19/cam19_folder2/RCNX0007.JPG,/content/drive/MyDrive/Calanda-Drive/Trail Cam Photos/cam19/cam19_folder2/RCNX0007.JPG,Hepatica nobilis,48
/content/drive/MyDrive/Calanda-Drive/Trail Cam Photos/cam19/cam19_folder2/RCNX0024.JPG,/content/drive/MyDrive/Calanda-Drive/Trail Cam Photos/cam19/cam19_folder2/RCNX0024.JPG,no detections,0
/content/drive/MyDrive/Calanda-Drive/Trail Cam Photos/cam19/cam19_folder2/RCNX0005.JPG,/content/drive/MyDrive/Calanda-Drive/Trail Cam Photos/cam19/cam19_folder2/RCNX0005.JPG,Hepatica nobilis,97
/content/drive/MyDrive/Calanda-Drive/Trail Cam Photos/cam19/cam19_folder2/RCNX0005.JPG,/content/drive/MyDrive/Calanda-Drive/Trail Cam Photos/cam19/cam19_folder2/RCNX0005.JPG,Hepatica nobilis,84
/content/drive/MyDrive/Calanda-Drive/Trail Cam Photos/cam19/cam19_folder2/RCNX0005.JPG,/content/drive/MyDrive/Calanda-Drive/Trail Cam Photos/cam19/cam19_folder2/RCNX0005.JPG,Hepatica nobilis,70
/content/drive/MyDrive/Calanda-Drive/Trail Cam Photos/cam19/cam19_folder2/RCNX0005.JPG,/content/drive/MyDrive/Calanda-Drive/Trail Cam Photos/cam19/cam19_folder2/RCNX0005.JPG,Hepatica nobilis,46
/content/drive/MyDrive/Calanda-Drive/Trail Cam Photos/cam19/cam19_folder2/RCNX0005.JPG,/content/drive/MyDrive/Calanda-Drive/Trail Cam Photos/cam19/cam19_folder2/RCNX0005.JPG,Hepatica nobilis,36
/content/drive/MyDrive/Calanda-Drive/Trail Cam Photos/cam19/cam19_folder2/RCNX0005.JPG,/content/drive/MyDrive/Calanda-Drive/Trail Cam Photos/cam19/cam19_folder2/RCNX0005.JPG,Hepatica nobilis,31
/content/drive/MyDrive/Calanda-Drive/Trail Cam Photos/cam19/cam19_folder2/RCNX0005.JPG,/content/drive/MyDrive/Calanda-Drive/Trail Cam Photos/cam19/cam19_folder2/RCNX0005.JPG,Hepatica nobilis,26
/content/drive/MyDrive/Calanda-Drive/Trail Cam Photos/cam19/cam19_folder2/RCNX0005.JPG,/content/drive/MyDrive/Calanda-Drive/Trail Cam Photos/cam19/cam19_folder2/RCNX0005.JPG,Hepatica nobilis,26
/content/drive/MyDrive/Calanda-Drive/Trail Cam Photos/cam19/cam19_folder2/RCNX0003.JPG,/content/drive/MyDrive/Calanda-Drive/Trail Cam Photos/cam19/cam19_folder2/RCNX0003.JPG,Hepatica nobilis,82
/content/drive/MyDrive/Calanda-Drive/Trail Cam Photos/cam19/cam19_folder2/RCNX0003.JPG,/content/drive/MyDrive/Calanda-Drive/Trail Cam Photos/cam19/cam19_folder2/RCNX0003.JPG,Hepatica nobilis,81
/content/drive/MyDrive/Calanda-Drive/Trail Cam Photos/cam19/cam19_folder2/RCNX0003.JPG,/content/drive/MyDrive/Calanda-Drive/Trail Cam Photos/cam19/cam19_folder2/RCNX0003.JPG,Hepatica nobilis,81
/content/drive/MyDrive/Calanda-Drive/Trail Cam Photos/cam19/cam19_folder2/RCNX0003.JPG,/content/drive/MyDrive/Calanda-Drive/Trail Cam Photos/cam19/cam19_folder2/RCNX0003.JPG,Hepatica nobilis,66
/content/drive/MyDrive/Calanda-Drive/Trail Cam Photos/cam19/cam19_folder2/RCNX0003.JPG,/content/drive/MyDrive/Calanda-Drive/Trail Cam Photos/cam19/cam19_folder2/RCNX0003.JPG,Hepatica nobilis,33
/content/drive/MyDrive/Calanda-Drive/Trail Cam Photos/cam19/cam19_folder2/RCNX0003.JPG,/content/drive/MyDrive/Calanda-Drive/Trail Cam Photos/cam19/cam19_folder2/RCNX0003.JPG,Hepatica nobilis,31
/content/drive/MyDrive/Calanda-Drive/Trail Cam Photos/cam19/cam19_folder2/RCNX0003.JPG,/content/drive/MyDrive/Calanda-Drive/Trail Cam Photos/cam19/cam19_folder2/RCNX0003.JPG,Hepatica nobilis,27
/content/drive/MyDrive/Calanda-Drive/Trail Cam Photos/cam19/cam19_folder2/RCNX0003.JPG,/content/drive/MyDrive/Calanda-Drive/Trail Cam Photos/cam19/cam19_folder2/RCNX0003.JPG,Hepatica nobilis,26
/content/drive/MyDrive/Calanda-Drive/Trail Cam Photos/cam19/cam19_folder2/RCNX0001.JPG,/content/drive/MyDrive/Calanda-Drive/Trail Cam Photos/cam19/cam19_folder2/RCNX0001.JPG,no detections,0
/content/drive/MyDrive/Calanda-Drive/Trail Cam Photos/cam19/cam19_folder2/RCNX0002.JPG,/content/drive/MyDrive/Calanda-Drive/Trail Cam Photos/cam19/cam19_folder2/RCNX0002.JPG,Hepatica nobilis,79
/content/drive/MyDrive/Calanda-Drive/Trail Cam Photos/cam19/cam19_folder2/RCNX0002.JPG,/content/drive/MyDrive/Calanda-Drive/Trail Cam Photos/cam19/cam19_folder2/RCNX0002.JPG,Hepatica nobilis,71
/content/drive/MyDrive/Calanda-Drive/Trail Cam Photos/cam19/cam19_folder2/RCNX0002.JPG,/content/drive/MyDrive/Calanda-Drive/Trail Cam Photos/cam19/cam19_folder2/RCNX0002.JPG,Hepatica nobilis,68
/content/drive/MyDrive/Calanda-Drive/Trail Cam Photos/cam19/cam19_folder2/RCNX0006.JPG,/content/drive/MyDrive/Calanda-Drive/Trail Cam Photos/cam19/cam19_folder2/RCNX0006.JPG,Hepatica nobilis,89
/content/drive/MyDrive/Calanda-Drive/Trail Cam Photos/cam19/cam19_folder2/RCNX0006.JPG,/content/drive/MyDrive/Calanda-Drive/Trail Cam Photos/cam19/cam19_folder2/RCNX0006.JPG,Hepatica nobilis,67
/content/drive/MyDrive/Calanda-Drive/Trail Cam Photos/cam19/cam19_folder2/RCNX0006.JPG,/content/drive/MyDrive/Calanda-Drive/Trail Cam Photos/cam19/cam19_folder2/RCNX0006.JPG,Hepatica nobilis,61
/content/drive/MyDrive/Calanda-Drive/Trail Cam Photos/cam19/cam19_folder2/RCNX0006.JPG,/content/drive/MyDrive/Calanda-Drive/Trail Cam Photos/cam19/cam19_folder2/RCNX0006.JPG,Hepatica nobilis,42
/content/drive/MyDrive/Calanda-Drive/Trail Cam Photos/cam19/cam19_folder2/RCNX0006.JPG,/content/drive/MyDrive/Calanda-Drive/Trail Cam Photos/cam19/cam19_folder2/RCNX0006.JPG,Hepatica nobilis,35
/content/drive/MyDrive/Calanda-Drive/Trail Cam Photos/cam19/cam19_folder2/RCNX0009.JPG,/content/drive/MyDrive/Calanda-Drive/Trail Cam Photos/cam19/cam19_folder2/RCNX0009.JPG,Hepatica nobilis,88
/content/drive/MyDrive/Calanda-Drive/Trail Cam Photos/cam19/cam19_folder2/RCNX0009.JPG,/content/drive/MyDrive/Calanda-Drive/Trail Cam Photos/cam19/cam19_folder2/RCNX0009.JPG,Hepatica nobilis,79
/content/drive/MyDrive/Calanda-Drive/Trail Cam Photos/cam19/cam19_folder2/RCNX0013.JPG,/content/drive/MyDrive/Calanda-Drive/Trail Cam Photos/cam19/cam19_folder2/RCNX0013.JPG,Hepatica nobilis,73
/content/drive/MyDrive/Calanda-Drive/Trail Cam Photos/cam19/cam19_folder2/RCNX0004.JPG,/content/drive/MyDrive/Calanda-Drive/Trail Cam Photos/cam19/cam19_folder2/RCNX0004.JPG,Hepatica nobilis,90
/content/drive/MyDrive/Calanda-Drive/Trail Cam Photos/cam19/cam19_folder2/RCNX0004.JPG,/content/drive/MyDrive/Calanda-Drive/Trail Cam Photos/cam19/cam19_folder2/RCNX0004.JPG,Hepatica nobilis,86
/content/drive/MyDrive/Calanda-Drive/Trail Cam Photos/cam19/cam19_folder2/RCNX0004.JPG,/content/drive/MyDrive/Calanda-Drive/Trail Cam Photos/cam19/cam19_folder2/RCNX0004.JPG,Hepatica nobilis,84
/content/drive/MyDrive/Calanda-Drive/Trail Cam Photos/cam19/cam19_folder2/RCNX0004.JPG,/content/drive/MyDrive/Calanda-Drive/Trail Cam Photos/cam19/cam19_folder2/RCNX0004.JPG,Hepatica nobilis,74
/content/drive/MyDrive/Calanda-Drive/Trail Cam Photos/cam19/cam19_folder2/RCNX0004.JPG,/content/drive/MyDrive/Calanda-Drive/Trail Cam Photos/cam19/cam19_folder2/RCNX0004.JPG,Hepatica nobilis,61
/content/drive/MyDrive/Calanda-Drive/Trail Cam Photos/cam19/cam19_folder2/RCNX0004.JPG,/content/drive/MyDrive/Calanda-Drive/Trail Cam Photos/cam19/cam19_folder2/RCNX0004.JPG,Hepatica nobilis,60
/content/drive/MyDrive/Calanda-Drive/Trail Cam Photos/cam19/cam19_folder2/RCNX0004.JPG,/content/drive/MyDrive/Calanda-Drive/Trail Cam Photos/cam19/cam19_folder2/RCNX0004.JPG,Hepatica nobilis,51
/content/drive/MyDrive/Calanda-Drive/Trail Cam Photos/cam19/cam19_folder2/RCNX0004.JPG,/content/drive/MyDrive/Calanda-Drive/Trail Cam Photos/cam19/cam19_folder2/RCNX0004.JPG,Hepatica nobilis,37
/content/drive/MyDrive/Calanda-Drive/Trail Cam Photos/cam19/cam19_folder2/RCNX0004.JPG,/content/drive/MyDrive/Calanda-Drive/Trail Cam Photos/cam19/cam19_folder2/RCNX0004.JPG,Hepatica nobilis,31
/content/drive/MyDrive/Calanda-Drive/Trail Cam Photos/cam19/cam19_folder2/RCNX0014.JPG,/content/drive/MyDrive/Calanda-Drive/Trail Cam Photos/cam19/cam19_folder2/RCNX0014.JPG,Hepatica nobilis,65
/content/drive/MyDrive/Calanda-Drive/Trail Cam Photos/cam19/cam19_folder2/RCNX0014.JPG,/content/drive/MyDrive/Calanda-Drive/Trail Cam Photos/cam19/cam19_folder2/RCNX0014.JPG,Hepatica nobilis,64
/content/drive/MyDrive/Calanda-Drive/Trail Cam Photos/cam19/cam19_folder2/RCNX0014.JPG,/content/drive/MyDrive/Calanda-Drive/Trail Cam Photos/cam19/cam19_folder2/RCNX0014.JPG,Hepatica nobilis,46
/content/drive/MyDrive/Calanda-Drive/Trail Cam Photos/cam19/cam19_folder2/RCNX0053.JPG,/content/drive/MyDrive/Calanda-Drive/Trail Cam Photos/cam19/cam19_folder2/RCNX0053.JPG,no detections,0
/content/drive/MyDrive/Calanda-Drive/Trail Cam Photos/cam19/cam19_folder2/RCNX0015.JPG,/content/drive/MyDrive/Calanda-Drive/Trail Cam Photos/cam19/cam19_folder2/RCNX0015.JPG,no detections,0
/content/drive/MyDrive/Calanda-Drive/Trail Cam Photos/cam19/cam19_folder5/RCNX0001.JPG,/content/drive/MyDrive/Calanda-Drive/Trail Cam Photos/cam19/cam19_folder5/RCNX0001.JPG,no detections,0
/content/drive/MyDrive/Calanda-Drive/Trail Cam Photos/cam19/cam19_folder5/RCNX0002.JPG,/content/drive/MyDrive/Calanda-Drive/Trail Cam Photos/cam19/cam19_folder5/RCNX0002.JPG,no detections,0
/content/drive/MyDrive/Calanda-Drive/Trail Cam Photos/cam19/cam19_folder5/RCNX0003.JPG,/content/drive/MyDrive/Calanda-Drive/Trail Cam Photos/cam19/cam19_folder5/RCNX0003.JPG,no detections,0
/content/drive/MyDrive/Calanda-Drive/Trail Cam Photos/cam19/cam19_folder5/RCNX0004.JPG,/content/drive/MyDrive/Calanda-Drive/Trail Cam Photos/cam19/cam19_folder5/RCNX0004.JPG,no detections,0
/content/drive/MyDrive/Calanda-Drive/Trail Cam Photos/cam19/cam19_folder5/RCNX0005.JPG,/content/drive/MyDrive/Calanda-Drive/Trail Cam Photos/cam19/cam19_folder5/RCNX0005.JPG,no detections,0
/content/drive/MyDrive/Calanda-Drive/Trail Cam Photos/cam19/cam19_folder5/RCNX0006.JPG,/content/drive/MyDrive/Calanda-Drive/Trail Cam Photos/cam19/cam19_folder5/RCNX0006.JPG,no detections,0
/content/drive/MyDrive/Calanda-Drive/Trail Cam Photos/cam19/cam19_folder5/RCNX0007.JPG,/content/drive/MyDrive/Calanda-Drive/Trail Cam Photos/cam19/cam19_folder5/RCNX0007.JPG,no detections,0
/content/drive/MyDrive/Calanda-Drive/Trail Cam Photos/cam19/cam19_folder5/RCNX0008.JPG,/content/drive/MyDrive/Calanda-Drive/Trail Cam Photos/cam19/cam19_folder5/RCNX0008.JPG,no detections,0
/content/drive/MyDrive/Calanda-Drive/Trail Cam Photos/cam19/cam19_folder5/RCNX0009.JPG,/content/drive/MyDrive/Calanda-Drive/Trail Cam Photos/cam19/cam19_folder5/RCNX0009.JPG,no detections,0
/content/drive/MyDrive/Calanda-Drive/Trail Cam Photos/cam19/cam19_folder5/RCNX0010.JPG,/content/drive/MyDrive/Calanda-Drive/Trail Cam Photos/cam19/cam19_folder5/RCNX0010.JPG,no detections,0
/content/drive/MyDrive/Calanda-Drive/Trail Cam Photos/cam19/cam19_folder5/RCNX0011.JPG,/content/drive/MyDrive/Calanda-Drive/Trail Cam Photos/cam19/cam19_folder5/RCNX0011.JPG,no detections,0
/content/drive/MyDrive/Calanda-Drive/Trail Cam Photos/cam19/cam19_folder5/RCNX0012.JPG,/content/drive/MyDrive/Calanda-Drive/Trail Cam Photos/cam19/cam19_folder5/RCNX0012.JPG,no detections,0
/content/drive/MyDrive/Calanda-Drive/Trail Cam Photos/cam19/cam19_folder5/RCNX0013.JPG,/content/drive/MyDrive/Calanda-Drive/Trail Cam Photos/cam19/cam19_folder5/RCNX0013.JPG,no detections,0
/content/drive/MyDrive/Calanda-Drive/Trail Cam Photos/cam19/cam19_folder5/RCNX0014.JPG,/content/drive/MyDrive/Calanda-Drive/Trail Cam Photos/cam19/cam19_folder5/RCNX0014.JPG,no detections,0
/content/drive/MyDrive/Calanda-Drive/Trail Cam Photos/cam19/cam19_folder5/RCNX0015.JPG,/content/drive/MyDrive/Calanda-Drive/Trail Cam Photos/cam19/cam19_folder5/RCNX0015.JPG,no detections,0
/content/drive/MyDrive/Calanda-Drive/Trail Cam Photos/cam19/cam19_folder5/RCNX0016.JPG,/content/drive/MyDrive/Calanda-Drive/Trail Cam Photos/cam19/cam19_folder5/RCNX0016.JPG,no detections,0
/content/drive/MyDrive/Calanda-Drive/Trail Cam Photos/cam19/cam19_folder5/RCNX0017.JPG,/content/drive/MyDrive/Calanda-Drive/Trail Cam Photos/cam19/cam19_folder5/RCNX0017.JPG,no detections,0
/content/drive/MyDrive/Calanda-Drive/Trail Cam Photos/cam19/cam19_folder5/RCNX0018.JPG,/content/drive/MyDrive/Calanda-Drive/Trail Cam Photos/cam19/cam19_folder5/RCNX0018.JPG,Alchemilla conjuncta,30
/content/drive/MyDrive/Calanda-Drive/Trail Cam Photos/cam19/cam19_folder5/RCNX0019.JPG,/content/drive/MyDrive/Calanda-Drive/Trail Cam Photos/cam19/cam19_folder5/RCNX0019.JPG,Hepatica nobilis,93
/content/drive/MyDrive/Calanda-Drive/Trail Cam Photos/cam19/cam19_folder5/RCNX0020.JPG,/content/drive/MyDrive/Calanda-Drive/Trail Cam Photos/cam19/cam19_folder5/RCNX0020.JPG,no detections,0
/content/drive/MyDrive/Calanda-Drive/Trail Cam Photos/cam19/cam19_folder5/RCNX0021.JPG,/content/drive/MyDrive/Calanda-Drive/Trail Cam Photos/cam19/cam19_folder5/RCNX0021.JPG,no detections,0
/content/drive/MyDrive/Calanda-Drive/Trail Cam Photos/cam19/cam19_folder5/RCNX0022.JPG,/content/drive/MyDrive/Calanda-Drive/Trail Cam Photos/cam19/cam19_folder5/RCNX0022.JPG,no detections,0
/content/drive/MyDrive/Calanda-Drive/Trail Cam Photos/cam19/cam19_folder5/RCNX0023.JPG,/content/drive/MyDrive/Calanda-Drive/Trail Cam Photos/cam19/cam19_folder5/RCNX0023.JPG,no detections,0
/content/drive/MyDrive/Calanda-Drive/Trail Cam Photos/cam19/cam19_folder5/RCNX0024.JPG,/content/drive/MyDrive/Calanda-Drive/Trail Cam Photos/cam19/cam19_folder5/RCNX0024.JPG,Alchemilla conjuncta,41
/content/drive/MyDrive/Calanda-Drive/Trail Cam Photos/cam19/cam19_folder5/RCNX0025.JPG,/content/drive/MyDrive/Calanda-Drive/Trail Cam Photos/cam19/cam19_folder5/RCNX0025.JPG,Crocus albiflorus,32
/content/drive/MyDrive/Calanda-Drive/Trail Cam Photos/cam19/cam19_folder5/RCNX0026.JPG,/content/drive/MyDrive/Calanda-Drive/Trail Cam Photos/cam19/cam19_folder5/RCNX0026.JPG,no detections,0
/content/drive/MyDrive/Calanda-Drive/Trail Cam Photos/cam19/cam19_folder5/RCNX0027.JPG,/content/drive/MyDrive/Calanda-Drive/Trail Cam Photos/cam19/cam19_folder5/RCNX0027.JPG,no detections,0
/content/drive/MyDrive/Calanda-Drive/Trail Cam Photos/cam19/cam19_folder5/RCNX0028.JPG,/content/drive/MyDrive/Calanda-Drive/Trail Cam Photos/cam19/cam19_folder5/RCNX0028.JPG,no detections,0
/content/drive/MyDrive/Calanda-Drive/Trail Cam Photos/cam19/cam19_folder5/RCNX0029.JPG,/content/drive/MyDrive/Calanda-Drive/Trail Cam Photos/cam19/cam19_folder5/RCNX0029.JPG,no detections,0
/content/drive/MyDrive/Calanda-Drive/Trail Cam Photos/cam19/cam19_folder5/RCNX0030.JPG,/content/drive/MyDrive/Calanda-Drive/Trail Cam Photos/cam19/cam19_folder5/RCNX0030.JPG,no detections,0
/content/drive/MyDrive/Calanda-Drive/Trail Cam Photos/cam19/cam19_folder5/RCNX0031.JPG,/content/drive/MyDrive/Calanda-Drive/Trail Cam Photos/cam19/cam19_folder5/RCNX0031.JPG,no detections,0
/content/drive/MyDrive/Calanda-Drive/Trail Cam Photos/cam19/cam19_folder5/RCNX0032.JPG,/content/drive/MyDrive/Calanda-Drive/Trail Cam Photos/cam19/cam19_folder5/RCNX0032.JPG,Crocus albiflorus,26
/content/drive/MyDrive/Calanda-Drive/Trail Cam Photos/cam19/cam19_folder5/RCNX0033.JPG,/content/drive/MyDrive/Calanda-Drive/Trail Cam Photos/cam19/cam19_folder5/RCNX0033.JPG,no detections,0
/content/drive/MyDrive/Calanda-Drive/Trail Cam Photos/cam19/cam19_folder5/RCNX0034.JPG,/content/drive/MyDrive/Calanda-Drive/Trail Cam Photos/cam19/cam19_folder5/RCNX0034.JPG,no detections,0
/content/drive/MyDrive/Calanda-Drive/Trail Cam Photos/cam19/cam19_folder5/RCNX0035.JPG,/content/drive/MyDrive/Calanda-Drive/Trail Cam Photos/cam19/cam19_folder5/RCNX0035.JPG,Hepatica nobilis,63
/content/drive/MyDrive/Calanda-Drive/Trail Cam Photos/cam19/cam19_folder5/RCNX0036.JPG,/content/drive/MyDrive/Calanda-Drive/Trail Cam Photos/cam19/cam19_folder5/RCNX0036.JPG,no detections,0
/content/drive/MyDrive/Calanda-Drive/Trail Cam Photos/cam19/cam19_folder5/RCNX0037.JPG,/content/drive/MyDrive/Calanda-Drive/Trail Cam Photos/cam19/cam19_folder5/RCNX0037.JPG,no detections,0
/content/drive/MyDrive/Calanda-Drive/Trail Cam Photos/cam19/cam19_folder5/RCNX0038.JPG,/content/drive/MyDrive/Calanda-Drive/Trail Cam Photos/cam19/cam19_folder5/RCNX0038.JPG,no detections,0
/content/drive/MyDrive/Calanda-Drive/Trail Cam Photos/cam19/cam19_folder5/RCNX0039.JPG,/content/drive/MyDrive/Calanda-Drive/Trail Cam Photos/cam19/cam19_folder5/RCNX0039.JPG,Crocus albiflorus,58
/content/drive/MyDrive/Calanda-Drive/Trail Cam Photos/cam19/cam19_folder5/RCNX0040.JPG,/content/drive/MyDrive/Calanda-Drive/Trail Cam Photos/cam19/cam19_folder5/RCNX0040.JPG,no detections,0
/content/drive/MyDrive/Calanda-Drive/Trail Cam Photos/cam19/cam19_folder5/RCNX0041.JPG,/content/drive/MyDrive/Calanda-Drive/Trail Cam Photos/cam19/cam19_folder5/RCNX0041.JPG,Crocus albiflorus,86
/content/drive/MyDrive/Calanda-Drive/Trail Cam Photos/cam19/cam19_folder5/RCNX0041.JPG,/content/drive/MyDrive/Calanda-Drive/Trail Cam Photos/cam19/cam19_folder5/RCNX0041.JPG,Crocus albiflorus,72
/content/drive/MyDrive/Calanda-Drive/Trail Cam Photos/cam19/cam19_folder5/RCNX0042.JPG,/content/drive/MyDrive/Calanda-Drive/Trail Cam Photos/cam19/cam19_folder5/RCNX0042.JPG,Crocus albiflorus,59
/content/drive/MyDrive/Calanda-Drive/Trail Cam Photos/cam19/cam19_folder5/RCNX0043.JPG,/content/drive/MyDrive/Calanda-Drive/Trail Cam Photos/cam19/cam19_folder5/RCNX0043.JPG,no detections,0
/content/drive/MyDrive/Calanda-Drive/Trail Cam Photos/cam19/cam19_folder5/RCNX0044.JPG,/content/drive/MyDrive/Calanda-Drive/Trail Cam Photos/cam19/cam19_folder5/RCNX0044.JPG,no detections,0
/content/drive/MyDrive/Calanda-Drive/Trail Cam Photos/cam19/cam19_folder5/RCNX0045.JPG,/content/drive/MyDrive/Calanda-Drive/Trail Cam Photos/cam19/cam19_folder5/RCNX0045.JPG,no detections,0
/content/drive/MyDrive/Calanda-Drive/Trail Cam Photos/cam19/cam19_folder5/RCNX0046.JPG,/content/drive/MyDrive/Calanda-Drive/Trail Cam Photos/cam19/cam19_folder5/RCNX0046.JPG,no detections,0
/content/drive/MyDrive/Calanda-Drive/Trail Cam Photos/cam19/cam19_folder5/RCNX0047.JPG,/content/drive/MyDrive/Calanda-Drive/Trail Cam Photos/cam19/cam19_folder5/RCNX0047.JPG,no detections,0
/content/drive/MyDrive/Calanda-Drive/Trail Cam Photos/cam19/cam19_folder5/RCNX0048.JPG,/content/drive/MyDrive/Calanda-Drive/Trail Cam Photos/cam19/cam19_folder5/RCNX0048.JPG,no detections,0
/content/drive/MyDrive/Calanda-Drive/Trail Cam Photos/cam19/cam19_folder5/RCNX0049.JPG,/content/drive/MyDrive/Calanda-Drive/Trail Cam Photos/cam19/cam19_folder5/RCNX0049.JPG,Alchemilla xanthochlora,81
/content/drive/MyDrive/Calanda-Drive/Trail Cam Photos/cam19/cam19_folder5/RCNX0050.JPG,/content/drive/MyDrive/Calanda-Drive/Trail Cam Photos/cam19/cam19_folder5/RCNX0050.JPG,Alchemilla xanthochlora,63
/content/drive/MyDrive/Calanda-Drive/Trail Cam Photos/cam19/cam19_folder5/RCNX0051.JPG,/content/drive/MyDrive/Calanda-Drive/Trail Cam Photos/cam19/cam19_folder5/RCNX0051.JPG,Alchemilla xanthochlora,44
/content/drive/MyDrive/Calanda-Drive/Trail Cam Photos/cam19/cam19_folder5/RCNX0052.JPG,/content/drive/MyDrive/Calanda-Drive/Trail Cam Photos/cam19/cam19_folder5/RCNX0052.JPG,no detections,0
/content/drive/MyDrive/Calanda-Drive/Trail Cam Photos/cam19/cam19_folder5/RCNX0053.JPG,/content/drive/MyDrive/Calanda-Drive/Trail Cam Photos/cam19/cam19_folder5/RCNX0053.JPG,no detections,0
/content/drive/MyDrive/Calanda-Drive/Trail Cam Photos/cam19/cam19_folder5/RCNX0054.JPG,/content/drive/MyDrive/Calanda-Drive/Trail Cam Photos/cam19/cam19_folder5/RCNX0054.JPG,Crocus albiflorus,86
/content/drive/MyDrive/Calanda-Drive/Trail Cam Photos/cam19/cam19_folder5/RCNX0055.JPG,/content/drive/MyDrive/Calanda-Drive/Trail Cam Photos/cam19/cam19_folder5/RCNX0055.JPG,no detections,0
/content/drive/MyDrive/Calanda-Drive/Trail Cam Photos/cam19/cam19_folder5/RCNX0056.JPG,/content/drive/MyDrive/Calanda-Drive/Trail Cam Photos/cam19/cam19_folder5/RCNX0056.JPG,no detections,0
/content/drive/MyDrive/Calanda-Drive/Trail Cam Photos/cam19/cam19_folder5/RCNX0057.JPG,/content/drive/MyDrive/Calanda-Drive/Trail Cam Photos/cam19/cam19_folder5/RCNX0057.JPG,Crocus albiflorus,93
/content/drive/MyDrive/Calanda-Drive/Trail Cam Photos/cam19/cam19_folder5/RCNX0058.JPG,/content/drive/MyDrive/Calanda-Drive/Trail Cam Photos/cam19/cam19_folder5/RCNX0058.JPG,Crocus albiflorus,89
/content/drive/MyDrive/Calanda-Drive/Trail Cam Photos/cam19/cam19_folder5/RCNX0059.JPG,/content/drive/MyDrive/Calanda-Drive/Trail Cam Photos/cam19/cam19_folder5/RCNX0059.JPG,no detections,0
/content/drive/MyDrive/Calanda-Drive/Trail Cam Photos/cam19/cam19_folder5/RCNX0060.JPG,/content/drive/MyDrive/Calanda-Drive/Trail Cam Photos/cam19/cam19_folder5/RCNX0060.JPG,Crocus albiflorus,89
/content/drive/MyDrive/Calanda-Drive/Trail Cam Photos/cam19/cam19_folder5/RCNX0060.JPG,/content/drive/MyDrive/Calanda-Drive/Trail Cam Photos/cam19/cam19_folder5/RCNX0060.JPG,Viola biflora,33
/content/drive/MyDrive/Calanda-Drive/Trail Cam Photos/cam19/cam19_folder5/RCNX0061.JPG,/content/drive/MyDrive/Calanda-Drive/Trail Cam Photos/cam19/cam19_folder5/RCNX0061.JPG,Crocus albiflorus,39
/content/drive/MyDrive/Calanda-Drive/Trail Cam Photos/cam19/cam19_folder5/RCNX0062.JPG,/content/drive/MyDrive/Calanda-Drive/Trail Cam Photos/cam19/cam19_folder5/RCNX0062.JPG,no detections,0
/content/drive/MyDrive/Calanda-Drive/Trail Cam Photos/cam19/cam19_folder5/RCNX0063.JPG,/content/drive/MyDrive/Calanda-Drive/Trail Cam Photos/cam19/cam19_folder5/RCNX0063.JPG,Crocus albiflorus,72
/content/drive/MyDrive/Calanda-Drive/Trail Cam Photos/cam19/cam19_folder5/RCNX0064.JPG,/content/drive/MyDrive/Calanda-Drive/Trail Cam Photos/cam19/cam19_folder5/RCNX0064.JPG,Crocus albiflorus,74
/content/drive/MyDrive/Calanda-Drive/Trail Cam Photos/cam19/cam19_folder5/RCNX0065.JPG,/content/drive/MyDrive/Calanda-Drive/Trail Cam Photos/cam19/cam19_folder5/RCNX0065.JPG,no detections,0
/content/drive/MyDrive/Calanda-Drive/Trail Cam Photos/cam19/cam19_folder5/RCNX0066.JPG,/content/drive/MyDrive/Calanda-Drive/Trail Cam Photos/cam19/cam19_folder5/RCNX0066.JPG,no detections,0
/content/drive/MyDrive/Calanda-Drive/Trail Cam Photos/cam19/cam19_folder5/RCNX0067.JPG,/content/drive/MyDrive/Calanda-Drive/Trail Cam Photos/cam19/cam19_folder5/RCNX0067.JPG,Crocus albiflorus,63
/content/drive/MyDrive/Calanda-Drive/Trail Cam Photos/cam19/cam19_folder5/RCNX0067.JPG,/content/drive/MyDrive/Calanda-Drive/Trail Cam Photos/cam19/cam19_folder5/RCNX0067.JPG,Alchemilla conjuncta,53
/content/drive/MyDrive/Calanda-Drive/Trail Cam Photos/cam19/cam19_folder5/RCNX0068.JPG,/content/drive/MyDrive/Calanda-Drive/Trail Cam Photos/cam19/cam19_folder5/RCNX0068.JPG,no detections,0
/content/drive/MyDrive/Calanda-Drive/Trail Cam Photos/cam19/cam19_folder5/RCNX0069.JPG,/content/drive/MyDrive/Calanda-Drive/Trail Cam Photos/cam19/cam19_folder5/RCNX0069.JPG,Crocus albiflorus,40
/content/drive/MyDrive/Calanda-Drive/Trail Cam Photos/cam19/cam19_folder5/RCNX0070.JPG,/content/drive/MyDrive/Calanda-Drive/Trail Cam Photos/cam19/cam19_folder5/RCNX0070.JPG,Crocus albiflorus,76
/content/drive/MyDrive/Calanda-Drive/Trail Cam Photos/cam19/cam19_folder5/RCNX0071.JPG,/content/drive/MyDrive/Calanda-Drive/Trail Cam Photos/cam19/cam19_folder5/RCNX0071.JPG,no detections,0
/content/drive/MyDrive/Calanda-Drive/Trail Cam Photos/cam19/cam19_folder5/RCNX0072.JPG,/content/drive/MyDrive/Calanda-Drive/Trail Cam Photos/cam19/cam19_folder5/RCNX0072.JPG,Crocus albiflorus,26
/content/drive/MyDrive/Calanda-Drive/Trail Cam Photos/cam19/cam19_folder5/RCNX0073.JPG,/content/drive/MyDrive/Calanda-Drive/Trail Cam Photos/cam19/cam19_folder5/RCNX0073.JPG,Crocus albiflorus,35
/content/drive/MyDrive/Calanda-Drive/Trail Cam Photos/cam19/cam19_folder5/RCNX0074.JPG,/content/drive/MyDrive/Calanda-Drive/Trail Cam Photos/cam19/cam19_folder5/RCNX0074.JPG,no detections,0
/content/drive/MyDrive/Calanda-Drive/Trail Cam Photos/cam19/cam19_folder5/RCNX0075.JPG,/content/drive/MyDrive/Calanda-Drive/Trail Cam Photos/cam19/cam19_folder5/RCNX0075.JPG,Alchemilla conjuncta,28
/content/drive/MyDrive/Calanda-Drive/Trail Cam Photos/cam19/cam19_folder5/RCNX0076.JPG,/content/drive/MyDrive/Calanda-Drive/Trail Cam Photos/cam19/cam19_folder5/RCNX0076.JPG,Crocus albiflorus,73
/content/drive/MyDrive/Calanda-Drive/Trail Cam Photos/cam19/cam19_folder5/RCNX0077.JPG,/content/drive/MyDrive/Calanda-Drive/Trail Cam Photos/cam19/cam19_folder5/RCNX0077.JPG,Crocus albiflorus,46
/content/drive/MyDrive/Calanda-Drive/Trail Cam Photos/cam19/cam19_folder5/RCNX0078.JPG,/content/drive/MyDrive/Calanda-Drive/Trail Cam Photos/cam19/cam19_folder5/RCNX0078.JPG,Alchemilla xanthochlora,27
/content/drive/MyDrive/Calanda-Drive/Trail Cam Photos/cam19/cam19_folder5/RCNX0079.JPG,/content/drive/MyDrive/Calanda-Drive/Trail Cam Photos/cam19/cam19_folder5/RCNX0079.JPG,no detections,0
/content/drive/MyDrive/Calanda-Drive/Trail Cam Photos/cam19/cam19_folder5/RCNX0080.JPG,/content/drive/MyDrive/Calanda-Drive/Trail Cam Photos/cam19/cam19_folder5/RCNX0080.JPG,Ranunculus montanus,32
/content/drive/MyDrive/Calanda-Drive/Trail Cam Photos/cam19/cam19_folder5/RCNX0081.JPG,/content/drive/MyDrive/Calanda-Drive/Trail Cam Photos/cam19/cam19_folder5/RCNX0081.JPG,Ranunculus montanus,44
/content/drive/MyDrive/Calanda-Drive/Trail Cam Photos/cam19/cam19_folder5/RCNX0082.JPG,/content/drive/MyDrive/Calanda-Drive/Trail Cam Photos/cam19/cam19_folder5/RCNX0082.JPG,Ranunculus montanus,27
/content/drive/MyDrive/Calanda-Drive/Trail Cam Photos/cam19/cam19_folder5/RCNX0083.JPG,/content/drive/MyDrive/Calanda-Drive/Trail Cam Photos/cam19/cam19_folder5/RCNX0083.JPG,Crocus albiflorus,67
/content/drive/MyDrive/Calanda-Drive/Trail Cam Photos/cam19/cam19_folder5/RCNX0084.JPG,/content/drive/MyDrive/Calanda-Drive/Trail Cam Photos/cam19/cam19_folder5/RCNX0084.JPG,no detections,0
/content/drive/MyDrive/Calanda-Drive/Trail Cam Photos/cam19/cam19_folder5/RCNX0085.JPG,/content/drive/MyDrive/Calanda-Drive/Trail Cam Photos/cam19/cam19_folder5/RCNX0085.JPG,no detections,0
/content/drive/MyDrive/Calanda-Drive/Trail Cam Photos/cam19/cam19_folder5/RCNX0086.JPG,/content/drive/MyDrive/Calanda-Drive/Trail Cam Photos/cam19/cam19_folder5/RCNX0086.JPG,no detections,0
/content/drive/MyDrive/Calanda-Drive/Trail Cam Photos/cam19/cam19_folder5/RCNX0087.JPG,/content/drive/MyDrive/Calanda-Drive/Trail Cam Photos/cam19/cam19_folder5/RCNX0087.JPG,no detections,0
/content/drive/MyDrive/Calanda-Drive/Trail Cam Photos/cam19/cam19_folder5/RCNX0088.JPG,/content/drive/MyDrive/Calanda-Drive/Trail Cam Photos/cam19/cam19_folder5/RCNX0088.JPG,no detections,0
/content/drive/MyDrive/Calanda-Drive/Trail Cam Photos/cam19/cam19_folder5/RCNX0089.JPG,/content/drive/MyDrive/Calanda-Drive/Trail Cam Photos/cam19/cam19_folder5/RCNX0089.JPG,no detections,0
/content/drive/MyDrive/Calanda-Drive/Trail Cam Photos/cam19/cam19_folder5/RCNX0090.JPG,/content/drive/MyDrive/Calanda-Drive/Trail Cam Photos/cam19/cam19_folder5/RCNX0090.JPG,Crocus albiflorus,89
/content/drive/MyDrive/Calanda-Drive/Trail Cam Photos/cam19/cam19_folder5/RCNX0090.JPG,/content/drive/MyDrive/Calanda-Drive/Trail Cam Photos/cam19/cam19_folder5/RCNX0090.JPG,Ranunculus montanus,34
/content/drive/MyDrive/Calanda-Drive/Trail Cam Photos/cam19/cam19_folder5/RCNX0091.JPG,/content/drive/MyDrive/Calanda-Drive/Trail Cam Photos/cam19/cam19_folder5/RCNX0091.JPG,Crocus albiflorus,65
/content/drive/MyDrive/Calanda-Drive/Trail Cam Photos/cam19/cam19_folder5/RCNX0092.JPG,/content/drive/MyDrive/Calanda-Drive/Trail Cam Photos/cam19/cam19_folder5/RCNX0092.JPG,no detections,0
/content/drive/MyDrive/Calanda-Drive/Trail Cam Photos/cam19/cam19_folder5/RCNX0093.JPG,/content/drive/MyDrive/Calanda-Drive/Trail Cam Photos/cam19/cam19_folder5/RCNX0093.JPG,no detections,0
/content/drive/MyDrive/Calanda-Drive/Trail Cam Photos/cam19/cam19_folder5/RCNX0094.JPG,/content/drive/MyDrive/Calanda-Drive/Trail Cam Photos/cam19/cam19_folder5/RCNX0094.JPG,no detections,0
/content/drive/MyDrive/Calanda-Drive/Trail Cam Photos/cam19/cam19_folder5/RCNX0095.JPG,/content/drive/MyDrive/Calanda-Drive/Trail Cam Photos/cam19/cam19_folder5/RCNX0095.JPG,no detections,0
/content/drive/MyDrive/Calanda-Drive/Trail Cam Photos/cam19/cam19_folder5/RCNX0096.JPG,/content/drive/MyDrive/Calanda-Drive/Trail Cam Photos/cam19/cam19_folder5/RCNX0096.JPG,no detections,0
/content/drive/MyDrive/Calanda-Drive/Trail Cam Photos/cam19/cam19_folder5/RCNX0097.JPG,/content/drive/MyDrive/Calanda-Drive/Trail Cam Photos/cam19/cam19_folder5/RCNX0097.JPG,no detections,0
/content/drive/MyDrive/Calanda-Drive/Trail Cam Photos/cam19/cam19_folder5/RCNX0098.JPG,/content/drive/MyDrive/Calanda-Drive/Trail Cam Photos/cam19/cam19_folder5/RCNX0098.JPG,no detections,0
/content/drive/MyDrive/Calanda-Drive/Trail Cam Photos/cam19/cam19_folder5/RCNX0099.JPG,/content/drive/MyDrive/Calanda-Drive/Trail Cam Photos/cam19/cam19_folder5/RCNX0099.JPG,Ranunculus montanus,53
/content/drive/MyDrive/Calanda-Drive/Trail Cam Photos/cam19/cam19_folder5/RCNX0099.JPG,/content/drive/MyDrive/Calanda-Drive/Trail Cam Photos/cam19/cam19_folder5/RCNX0099.JPG,Alchemilla xanthochlora,30
/content/drive/MyDrive/Calanda-Drive/Trail Cam Photos/cam19/cam19_folder5/RCNX0100.JPG,/content/drive/MyDrive/Calanda-Drive/Trail Cam Photos/cam19/cam19_folder5/RCNX0100.JPG,no detections,0
/content/drive/MyDrive/Calanda-Drive/Trail Cam Photos/cam19/cam19_folder5/RCNX0101.JPG,/content/drive/MyDrive/Calanda-Drive/Trail Cam Photos/cam19/cam19_folder5/RCNX0101.JPG,no detections,0
/content/drive/MyDrive/Calanda-Drive/Trail Cam Photos/cam19/cam19_folder5/RCNX0102.JPG,/content/drive/MyDrive/Calanda-Drive/Trail Cam Photos/cam19/cam19_folder5/RCNX0102.JPG,no detections,0
/content/drive/MyDrive/Calanda-Drive/Trail Cam Photos/cam19/cam19_folder5/RCNX0103.JPG,/content/drive/MyDrive/Calanda-Drive/Trail Cam Photos/cam19/cam19_folder5/RCNX0103.JPG,no detections,0
/content/drive/MyDrive/Calanda-Drive/Trail Cam Photos/cam19/cam19_folder5/RCNX0104.JPG,/content/drive/MyDrive/Calanda-Drive/Trail Cam Photos/cam19/cam19_folder5/RCNX0104.JPG,no detections,0
/content/drive/MyDrive/Calanda-Drive/Trail Cam Photos/cam19/cam19_folder5/RCNX0105.JPG,/content/drive/MyDrive/Calanda-Drive/Trail Cam Photos/cam19/cam19_folder5/RCNX0105.JPG,no detections,0
/content/drive/MyDrive/Calanda-Drive/Trail Cam Photos/cam19/cam19_folder5/RCNX0106.JPG,/content/drive/MyDrive/Calanda-Drive/Trail Cam Photos/cam19/cam19_folder5/RCNX0106.JPG,no detections,0
/content/drive/MyDrive/Calanda-Drive/Trail Cam Photos/cam19/cam19_folder5/RCNX0107.JPG,/content/drive/MyDrive/Calanda-Drive/Trail Cam Photos/cam19/cam19_folder5/RCNX0107.JPG,no detections,0
/content/drive/MyDrive/Calanda-Drive/Trail Cam Photos/cam19/cam19_folder5/RCNX0108.JPG,/content/drive/MyDrive/Calanda-Drive/Trail Cam Photos/cam19/cam19_folder5/RCNX0108.JPG,no detections,0
/content/drive/MyDrive/Calanda-Drive/Trail Cam Photos/cam19/cam19_folder5/RCNX0109.JPG,/content/drive/MyDrive/Calanda-Drive/Trail Cam Photos/cam19/cam19_folder5/RCNX0109.JPG,no detections,0
/content/drive/MyDrive/Calanda-Drive/Trail Cam Photos/cam19/cam19_folder5/RCNX0110.JPG,/content/drive/MyDrive/Calanda-Drive/Trail Cam Photos/cam19/cam19_folder5/RCNX0110.JPG,Ranunculus montanus,37
/content/drive/MyDrive/Calanda-Drive/Trail Cam Photos/cam19/cam19_folder5/RCNX0111.JPG,/content/drive/MyDrive/Calanda-Drive/Trail Cam Photos/cam19/cam19_folder5/RCNX0111.JPG,no detections,0
/content/drive/MyDrive/Calanda-Drive/Trail Cam Photos/cam19/cam19_folder5/RCNX0112.JPG,/content/drive/MyDrive/Calanda-Drive/Trail Cam Photos/cam19/cam19_folder5/RCNX0112.JPG,Hepatica nobilis,84
/content/drive/MyDrive/Calanda-Drive/Trail Cam Photos/cam19/cam19_folder5/RCNX0113.JPG,/content/drive/MyDrive/Calanda-Drive/Trail Cam Photos/cam19/cam19_folder5/RCNX0113.JPG,Alchemilla conjuncta,38
/content/drive/MyDrive/Calanda-Drive/Trail Cam Photos/cam19/cam19_folder5/RCNX0114.JPG,/content/drive/MyDrive/Calanda-Drive/Trail Cam Photos/cam19/cam19_folder5/RCNX0114.JPG,no detections,0
/content/drive/MyDrive/Calanda-Drive/Trail Cam Photos/cam19/cam19_folder5/RCNX0115.JPG,/content/drive/MyDrive/Calanda-Drive/Trail Cam Photos/cam19/cam19_folder5/RCNX0115.JPG,no detections,0
/content/drive/MyDrive/Calanda-Drive/Trail Cam Photos/cam19/cam19_folder5/RCNX0116.JPG,/content/drive/MyDrive/Calanda-Drive/Trail Cam Photos/cam19/cam19_folder5/RCNX0116.JPG,Alchemilla conjuncta,35
/content/drive/MyDrive/Calanda-Drive/Trail Cam Photos/cam19/cam19_folder5/RCNX0117.JPG,/content/drive/MyDrive/Calanda-Drive/Trail Cam Photos/cam19/cam19_folder5/RCNX0117.JPG,no detections,0
/content/drive/MyDrive/Calanda-Drive/Trail Cam Photos/cam19/cam19_folder5/RCNX0118.JPG,/content/drive/MyDrive/Calanda-Drive/Trail Cam Photos/cam19/cam19_folder5/RCNX0118.JPG,Ranunculus montanus,29
/content/drive/MyDrive/Calanda-Drive/Trail Cam Photos/cam19/cam19_folder5/RCNX0119.JPG,/content/drive/MyDrive/Calanda-Drive/Trail Cam Photos/cam19/cam19_folder5/RCNX0119.JPG,no detections,0
/content/drive/MyDrive/Calanda-Drive/Trail Cam Photos/cam19/cam19_folder5/RCNX0120.JPG,/content/drive/MyDrive/Calanda-Drive/Trail Cam Photos/cam19/cam19_folder5/RCNX0120.JPG,Hepatica nobilis,50
/content/drive/MyDrive/Calanda-Drive/Trail Cam Photos/cam19/cam19_folder5/RCNX0121.JPG,/content/drive/MyDrive/Calanda-Drive/Trail Cam Photos/cam19/cam19_folder5/RCNX0121.JPG,Hepatica nobilis,38
/content/drive/MyDrive/Calanda-Drive/Trail Cam Photos/cam19/cam19_folder5/RCNX0122.JPG,/content/drive/MyDrive/Calanda-Drive/Trail Cam Photos/cam19/cam19_folder5/RCNX0122.JPG,no detections,0
/content/drive/MyDrive/Calanda-Drive/Trail Cam Photos/cam19/cam19_folder5/RCNX0123.JPG,/content/drive/MyDrive/Calanda-Drive/Trail Cam Photos/cam19/cam19_folder5/RCNX0123.JPG,no detections,0
/content/drive/MyDrive/Calanda-Drive/Trail Cam Photos/cam19/cam19_folder5/RCNX0124.JPG,/content/drive/MyDrive/Calanda-Drive/Trail Cam Photos/cam19/cam19_folder5/RCNX0124.JPG,no detections,0
/content/drive/MyDrive/Calanda-Drive/Trail Cam Photos/cam19/cam19_folder5/RCNX0125.JPG,/content/drive/MyDrive/Calanda-Drive/Trail Cam Photos/cam19/cam19_folder5/RCNX0125.JPG,Hepatica nobilis,32
/content/drive/MyDrive/Calanda-Drive/Trail Cam Photos/cam19/cam19_folder5/RCNX0126.JPG,/content/drive/MyDrive/Calanda-Drive/Trail Cam Photos/cam19/cam19_folder5/RCNX0126.JPG,Hepatica nobilis,38
/content/drive/MyDrive/Calanda-Drive/Trail Cam Photos/cam19/cam19_folder5/RCNX0127.JPG,/content/drive/MyDrive/Calanda-Drive/Trail Cam Photos/cam19/cam19_folder5/RCNX0127.JPG,Ranunculus montanus,73
/content/drive/MyDrive/Calanda-Drive/Trail Cam Photos/cam19/cam19_folder5/RCNX0128.JPG,/content/drive/MyDrive/Calanda-Drive/Trail Cam Photos/cam19/cam19_folder5/RCNX0128.JPG,no detections,0
/content/drive/MyDrive/Calanda-Drive/Trail Cam Photos/cam19/cam19_folder5/RCNX0129.JPG,/content/drive/MyDrive/Calanda-Drive/Trail Cam Photos/cam19/cam19_folder5/RCNX0129.JPG,no detections,0
/content/drive/MyDrive/Calanda-Drive/Trail Cam Photos/cam19/cam19_folder5/RCNX0130.JPG,/content/drive/MyDrive/Calanda-Drive/Trail Cam Photos/cam19/cam19_folder5/RCNX0130.JPG,no detections,0
/content/drive/MyDrive/Calanda-Drive/Trail Cam Photos/cam19/cam19_folder5/RCNX0131.JPG,/content/drive/MyDrive/Calanda-Drive/Trail Cam Photos/cam19/cam19_folder5/RCNX0131.JPG,Ranunculus montanus,41
/content/drive/MyDrive/Calanda-Drive/Trail Cam Photos/cam19/cam19_folder5/RCNX0132.JPG,/content/drive/MyDrive/Calanda-Drive/Trail Cam Photos/cam19/cam19_folder5/RCNX0132.JPG,Ranunculus montanus,70
/content/drive/MyDrive/Calanda-Drive/Trail Cam Photos/cam19/cam19_folder5/RCNX0133.JPG,/content/drive/MyDrive/Calanda-Drive/Trail Cam Photos/cam19/cam19_folder5/RCNX0133.JPG,Ranunculus montanus,74
/content/drive/MyDrive/Calanda-Drive/Trail Cam Photos/cam19/cam19_folder5/RCNX0134.JPG,/content/drive/MyDrive/Calanda-Drive/Trail Cam Photos/cam19/cam19_folder5/RCNX0134.JPG,no detections,0
/content/drive/MyDrive/Calanda-Drive/Trail Cam Photos/cam19/cam19_folder5/RCNX0135.JPG,/content/drive/MyDrive/Calanda-Drive/Trail Cam Photos/cam19/cam19_folder5/RCNX0135.JPG,no detections,0
/content/drive/MyDrive/Calanda-Drive/Trail Cam Photos/cam19/cam19_folder5/RCNX0136.JPG,/content/drive/MyDrive/Calanda-Drive/Trail Cam Photos/cam19/cam19_folder5/RCNX0136.JPG,no detections,0
/content/drive/MyDrive/Calanda-Drive/Trail Cam Photos/cam19/cam19_folder5/RCNX0137.JPG,/content/drive/MyDrive/Calanda-Drive/Trail Cam Photos/cam19/cam19_folder5/RCNX0137.JPG,no detections,0
/content/drive/MyDrive/Calanda-Drive/Trail Cam Photos/cam19/cam19_folder5/RCNX0138.JPG,/content/drive/MyDrive/Calanda-Drive/Trail Cam Photos/cam19/cam19_folder5/RCNX0138.JPG,no detections,0
/content/drive/MyDrive/Calanda-Drive/Trail Cam Photos/cam19/cam19_folder5/RCNX0139.JPG,/content/drive/MyDrive/Calanda-Drive/Trail Cam Photos/cam19/cam19_folder5/RCNX0139.JPG,no detections,0
/content/drive/MyDrive/Calanda-Drive/Trail Cam Photos/cam19/cam19_folder5/RCNX0140.JPG,/content/drive/MyDrive/Calanda-Drive/Trail Cam Photos/cam19/cam19_folder5/RCNX0140.JPG,no detections,0
/content/drive/MyDrive/Calanda-Drive/Trail Cam Photos/cam19/cam19_folder5/RCNX0141.JPG,/content/drive/MyDrive/Calanda-Drive/Trail Cam Photos/cam19/cam19_folder5/RCNX0141.JPG,no detections,0
/content/drive/MyDrive/Calanda-Drive/Trail Cam Photos/cam19/cam19_folder5/RCNX0142.JPG,/content/drive/MyDrive/Calanda-Drive/Trail Cam Photos/cam19/cam19_folder5/RCNX0142.JPG,no detections,0
/content/drive/MyDrive/Calanda-Drive/Trail Cam Photos/cam19/cam19_folder5/RCNX0143.JPG,/content/drive/MyDrive/Calanda-Drive/Trail Cam Photos/cam19/cam19_folder5/RCNX0143.JPG,no detections,0
/content/drive/MyDrive/Calanda-Drive/Trail Cam Photos/cam19/cam19_folder5/RCNX0144.JPG,/content/drive/MyDrive/Calanda-Drive/Trail Cam Photos/cam19/cam19_folder5/RCNX0144.JPG,Hepatica nobilis,94
/content/drive/MyDrive/Calanda-Drive/Trail Cam Photos/cam19/cam19_folder5/RCNX0145.JPG,/content/drive/MyDrive/Calanda-Drive/Trail Cam Photos/cam19/cam19_folder5/RCNX0145.JPG,no detections,0
/content/drive/MyDrive/Calanda-Drive/Trail Cam Photos/cam19/cam19_folder5/RCNX0146.JPG,/content/drive/MyDrive/Calanda-Drive/Trail Cam Photos/cam19/cam19_folder5/RCNX0146.JPG,no detections,0
/content/drive/MyDrive/Calanda-Drive/Trail Cam Photos/cam19/cam19_folder5/RCNX0147.JPG,/content/drive/MyDrive/Calanda-Drive/Trail Cam Photos/cam19/cam19_folder5/RCNX0147.JPG,Hepatica nobilis,54
/content/drive/MyDrive/Calanda-Drive/Trail Cam Photos/cam19/cam19_folder5/RCNX0148.JPG,/content/drive/MyDrive/Calanda-Drive/Trail Cam Photos/cam19/cam19_folder5/RCNX0148.JPG,Crocus albiflorus,52
/content/drive/MyDrive/Calanda-Drive/Trail Cam Photos/cam19/cam19_folder5/RCNX0149.JPG,/content/drive/MyDrive/Calanda-Drive/Trail Cam Photos/cam19/cam19_folder5/RCNX0149.JPG,no detections,0
/content/drive/MyDrive/Calanda-Drive/Trail Cam Photos/cam19/cam19_folder5/RCNX0150.JPG,/content/drive/MyDrive/Calanda-Drive/Trail Cam Photos/cam19/cam19_folder5/RCNX0150.JPG,Hepatica nobilis,82
/content/drive/MyDrive/Calanda-Drive/Trail Cam Photos/cam19/cam19_folder5/RCNX0151.JPG,/content/drive/MyDrive/Calanda-Drive/Trail Cam Photos/cam19/cam19_folder5/RCNX0151.JPG,no detections,0
/content/drive/MyDrive/Calanda-Drive/Trail Cam Photos/cam19/cam19_folder5/RCNX0152.JPG,/content/drive/MyDrive/Calanda-Drive/Trail Cam Photos/cam19/cam19_folder5/RCNX0152.JPG,Crocus albiflorus,30
/content/drive/MyDrive/Calanda-Drive/Trail Cam Photos/cam19/cam19_folder5/RCNX0153.JPG,/content/drive/MyDrive/Calanda-Drive/Trail Cam Photos/cam19/cam19_folder5/RCNX0153.JPG,no detections,0
/content/drive/MyDrive/Calanda-Drive/Trail Cam Photos/cam19/cam19_folder5/RCNX0154.JPG,/content/drive/MyDrive/Calanda-Drive/Trail Cam Photos/cam19/cam19_folder5/RCNX0154.JPG,no detections,0
/content/drive/MyDrive/Calanda-Drive/Trail Cam Photos/cam19/cam19_folder5/RCNX0155.JPG,/content/drive/MyDrive/Calanda-Drive/Trail Cam Photos/cam19/cam19_folder5/RCNX0155.JPG,no detections,0
/content/drive/MyDrive/Calanda-Drive/Trail Cam Photos/cam19/cam19_folder5/RCNX0156.JPG,/content/drive/MyDrive/Calanda-Drive/Trail Cam Photos/cam19/cam19_folder5/RCNX0156.JPG,no detections,0
/content/drive/MyDrive/Calanda-Drive/Trail Cam Photos/cam19/cam19_folder5/RCNX0157.JPG,/content/drive/MyDrive/Calanda-Drive/Trail Cam Photos/cam19/cam19_folder5/RCNX0157.JPG,no detections,0
/content/drive/MyDrive/Calanda-Drive/Trail Cam Photos/cam19/cam19_folder5/RCNX0158.JPG,/content/drive/MyDrive/Calanda-Drive/Trail Cam Photos/cam19/cam19_folder5/RCNX0158.JPG,no detections,0
/content/drive/MyDrive/Calanda-Drive/Trail Cam Photos/cam19/cam19_folder5/RCNX0159.JPG,/content/drive/MyDrive/Calanda-Drive/Trail Cam Photos/cam19/cam19_folder5/RCNX0159.JPG,no detections,0
/content/drive/MyDrive/Calanda-Drive/Trail Cam Photos/cam19/cam19_folder5/RCNX0160.JPG,/content/drive/MyDrive/Calanda-Drive/Trail Cam Photos/cam19/cam19_folder5/RCNX0160.JPG,no detections,0
/content/drive/MyDrive/Calanda-Drive/Trail Cam Photos/cam19/cam19_folder5/RCNX0161.JPG,/content/drive/MyDrive/Calanda-Drive/Trail Cam Photos/cam19/cam19_folder5/RCNX0161.JPG,no detections,0
/content/drive/MyDrive/Calanda-Drive/Trail Cam Photos/cam19/cam19_folder5/RCNX0162.JPG,/content/drive/MyDrive/Calanda-Drive/Trail Cam Photos/cam19/cam19_folder5/RCNX0162.JPG,no detections,0
/content/drive/MyDrive/Calanda-Drive/Trail Cam Photos/cam19/cam19_folder5/RCNX0163.JPG,/content/drive/MyDrive/Calanda-Drive/Trail Cam Photos/cam19/cam19_folder5/RCNX0163.JPG,no detections,0
/content/drive/MyDrive/Calanda-Drive/Trail Cam Photos/cam19/cam19_folder5/RCNX0164.JPG,/content/drive/MyDrive/Calanda-Drive/Trail Cam Photos/cam19/cam19_folder5/RCNX0164.JPG,no detections,0
/content/drive/MyDrive/Calanda-Drive/Trail Cam Photos/cam19/cam19_folder5/RCNX0165.JPG,/content/drive/MyDrive/Calanda-Drive/Trail Cam Photos/cam19/cam19_folder5/RCNX0165.JPG,no detections,0
/content/drive/MyDrive/Calanda-Drive/Trail Cam Photos/cam19/cam19_folder5/RCNX0166.JPG,/content/drive/MyDrive/Calanda-Drive/Trail Cam Photos/cam19/cam19_folder5/RCNX0166.JPG,no detections,0
/content/drive/MyDrive/Calanda-Drive/Trail Cam Photos/cam19/cam19_folder5/RCNX0167.JPG,/content/drive/MyDrive/Calanda-Drive/Trail Cam Photos/cam19/cam19_folder5/RCNX0167.JPG,no detections,0
/content/drive/MyDrive/Calanda-Drive/Trail Cam Photos/cam19/cam19_folder5/RCNX0168.JPG,/content/drive/MyDrive/Calanda-Drive/Trail Cam Photos/cam19/cam19_folder5/RCNX0168.JPG,Hepatica nobilis,46
/content/drive/MyDrive/Calanda-Drive/Trail Cam Photos/cam19/cam19_folder5/RCNX0169.JPG,/content/drive/MyDrive/Calanda-Drive/Trail Cam Photos/cam19/cam19_folder5/RCNX0169.JPG,Alchemilla xanthochlora,82
/content/drive/MyDrive/Calanda-Drive/Trail Cam Photos/cam19/cam19_folder5/RCNX0169.JPG,/content/drive/MyDrive/Calanda-Drive/Trail Cam Photos/cam19/cam19_folder5/RCNX0169.JPG,Alchemilla conjuncta,39
/content/drive/MyDrive/Calanda-Drive/Trail Cam Photos/cam19/cam19_folder5/RCNX0170.JPG,/content/drive/MyDrive/Calanda-Drive/Trail Cam Photos/cam19/cam19_folder5/RCNX0170.JPG,Alchemilla xanthochlora,33
/content/drive/MyDrive/Calanda-Drive/Trail Cam Photos/cam19/cam19_folder5/RCNX0171.JPG,/content/drive/MyDrive/Calanda-Drive/Trail Cam Photos/cam19/cam19_folder5/RCNX0171.JPG,Alchemilla xanthochlora,69
/content/drive/MyDrive/Calanda-Drive/Trail Cam Photos/cam19/cam19_folder5/RCNX0172.JPG,/content/drive/MyDrive/Calanda-Drive/Trail Cam Photos/cam19/cam19_folder5/RCNX0172.JPG,no detections,0
/content/drive/MyDrive/Calanda-Drive/Trail Cam Photos/cam19/cam19_folder5/RCNX0173.JPG,/content/drive/MyDrive/Calanda-Drive/Trail Cam Photos/cam19/cam19_folder5/RCNX0173.JPG,Crocus albiflorus,76
/content/drive/MyDrive/Calanda-Drive/Trail Cam Photos/cam19/cam19_folder5/RCNX0173.JPG,/content/drive/MyDrive/Calanda-Drive/Trail Cam Photos/cam19/cam19_folder5/RCNX0173.JPG,Crocus albiflorus,43
/content/drive/MyDrive/Calanda-Drive/Trail Cam Photos/cam19/cam19_folder5/RCNX0174.JPG,/content/drive/MyDrive/Calanda-Drive/Trail Cam Photos/cam19/cam19_folder5/RCNX0174.JPG,no detections,0
/content/drive/MyDrive/Calanda-Drive/Trail Cam Photos/cam19/cam19_folder5/RCNX0175.JPG,/content/drive/MyDrive/Calanda-Drive/Trail Cam Photos/cam19/cam19_folder5/RCNX0175.JPG,no detections,0
/content/drive/MyDrive/Calanda-Drive/Trail Cam Photos/cam19/cam19_folder5/RCNX0176.JPG,/content/drive/MyDrive/Calanda-Drive/Trail Cam Photos/cam19/cam19_folder5/RCNX0176.JPG,no detections,0
/content/drive/MyDrive/Calanda-Drive/Trail Cam Photos/cam19/cam19_folder5/RCNX0177.JPG,/content/drive/MyDrive/Calanda-Drive/Trail Cam Photos/cam19/cam19_folder5/RCNX0177.JPG,no detections,0
/content/drive/MyDrive/Calanda-Drive/Trail Cam Photos/cam19/cam19_folder5/RCNX0178.JPG,/content/drive/MyDrive/Calanda-Drive/Trail Cam Photos/cam19/cam19_folder5/RCNX0178.JPG,no detections,0
/content/drive/MyDrive/Calanda-Drive/Trail Cam Photos/cam19/cam19_folder5/RCNX0179.JPG,/content/drive/MyDrive/Calanda-Drive/Trail Cam Photos/cam19/cam19_folder5/RCNX0179.JPG,Ranunculus montanus,28
/content/drive/MyDrive/Calanda-Drive/Trail Cam Photos/cam19/cam19_folder5/RCNX0180.JPG,/content/drive/MyDrive/Calanda-Drive/Trail Cam Photos/cam19/cam19_folder5/RCNX0180.JPG,no detections,0
/content/drive/MyDrive/Calanda-Drive/Trail Cam Photos/cam19/cam19_folder5/RCNX0181.JPG,/content/drive/MyDrive/Calanda-Drive/Trail Cam Photos/cam19/cam19_folder5/RCNX0181.JPG,no detections,0
/content/drive/MyDrive/Calanda-Drive/Trail Cam Photos/cam19/cam19_folder5/RCNX0182.JPG,/content/drive/MyDrive/Calanda-Drive/Trail Cam Photos/cam19/cam19_folder5/RCNX0182.JPG,no detections,0
/content/drive/MyDrive/Calanda-Drive/Trail Cam Photos/cam19/cam19_folder5/RCNX0183.JPG,/content/drive/MyDrive/Calanda-Drive/Trail Cam Photos/cam19/cam19_folder5/RCNX0183.JPG,no detections,0
/content/drive/MyDrive/Calanda-Drive/Trail Cam Photos/cam19/cam19_folder5/RCNX0184.JPG,/content/drive/MyDrive/Calanda-Drive/Trail Cam Photos/cam19/cam19_folder5/RCNX0184.JPG,no detections,0
/content/drive/MyDrive/Calanda-Drive/Trail Cam Photos/cam19/cam19_folder5/RCNX0185.JPG,/content/drive/MyDrive/Calanda-Drive/Trail Cam Photos/cam19/cam19_folder5/RCNX0185.JPG,no detections,0
/content/drive/MyDrive/Calanda-Drive/Trail Cam Photos/cam19/cam19_folder5/RCNX0186.JPG,/content/drive/MyDrive/Calanda-Drive/Trail Cam Photos/cam19/cam19_folder5/RCNX0186.JPG,no detections,0
/content/drive/MyDrive/Calanda-Drive/Trail Cam Photos/cam19/cam19_folder5/RCNX0187.JPG,/content/drive/MyDrive/Calanda-Drive/Trail Cam Photos/cam19/cam19_folder5/RCNX0187.JPG,no detections,0
/content/drive/MyDrive/Calanda-Drive/Trail Cam Photos/cam19/cam19_folder5/RCNX0188.JPG,/content/drive/MyDrive/Calanda-Drive/Trail Cam Photos/cam19/cam19_folder5/RCNX0188.JPG,no detections,0
/content/drive/MyDrive/Calanda-Drive/Trail Cam Photos/cam19/cam19_folder5/RCNX0189.JPG,/content/drive/MyDrive/Calanda-Drive/Trail Cam Photos/cam19/cam19_folder5/RCNX0189.JPG,no detections,0
/content/drive/MyDrive/Calanda-Drive/Trail Cam Photos/cam19/cam19_folder5/RCNX0190.JPG,/content/drive/MyDrive/Calanda-Drive/Trail Cam Photos/cam19/cam19_folder5/RCNX0190.JPG,no detections,0
/content/drive/MyDrive/Calanda-Drive/Trail Cam Photos/cam19/cam19_folder5/RCNX0191.JPG,/content/drive/MyDrive/Calanda-Drive/Trail Cam Photos/cam19/cam19_folder5/RCNX0191.JPG,no detections,0
